title	short_title	link	saleprice	oldprice	reviews	percentoff
eufy Security Wireless Home Security Camera System, eufyCam E 365-Day Battery Life, 1080p HD, IP65 Weatherproof, Night Vision, Compatible with Amazon Alexa, 2-Cam Kit, No Monthly Fee	eufy Security Wireless Ho	/Security-Wireless-Compatible-Detection-Supported/dp/B07JJBL7DW/ref=sr_1_77?dchild=1&keywords=hard+drive&psr=EY17&qid=1606252030&s=black-friday&sr=1-77	199.99	409.99	755	51.22076148
Samsung 860 EVO 500 GB SATA 2.5 Inch Internal Solid State Drive (SSD) (MZ-76E500)	Samsung 860 EVO 500 GB SA	/Samsung-MZ-76E500B-EU-Solid-State/dp/B078WQT6S6/ref=sr_1_36?dchild=1&keywords=hard+drive&psr=EY17&qid=1606252021&s=black-friday&sr=1-36	52.99	99.99	0	47.00470047
WD 8 TB My Book USB 3.0 Desktop Hard Drive with Password Protection and Auto Backup Software, Black	WD 8 TB My Book USB 3.0 D	/WD-Book-Desktop-Hard-Drive/dp/B01LWVT81X/ref=sr_1_4?dchild=1&keywords=hard+drive&psr=EY17&qid=1606252021&s=black-friday&sr=1-4	129.99	239	0	45.61087866
WD_BLACK SN750 1TB High-Performance NVMe Internal Gaming SSD	WD_BLACK SN750 1TB High-P	/Black-SN750-High-Performance-Internal-Gaming/dp/B07M64QXMN/ref=sr_1_85?dchild=1&keywords=hard+drive&psr=EY17&qid=1606252033&s=black-friday&sr=1-85	104.99	190.99	0	45.02853553
Inateck 2.5 Hard Drive Enclosure, USB 3.0 External Hard Drive Case, FE2005	Inateck 2.5 Hard Drive En	/Optimized-Inateck-3-0-Portable-2-5-SATA-I-Additional/dp/B00KW4T69A/ref=sr_1_16_mod_primary_lightning_deal?dchild=1&keywords=hard+drive&psr=EY17&qid=1606252021&s=black-friday&sbo=Tc8eqSFhUl4VwMzbE4fw%2Fw%3D%3D&smid=A5JH7MGCI556L&sr=1-16	7.19	12.99	0	44.64973056
USB C Hub, Type C Hub Adapter, 3 USB 3.0 Ports, TF/SD Card Reader,USB-C Power Delivery, 6 in 1 Aluminum Adapter for MacBook Pro 13â€³and 15â€³2016/2017/2018, Macbook Air 13â€³ 2018 (Grey)	USB C Hub, Type C Hub Ada	/Adapter-Delivery-Aluminum-MacBook-15%E2%80%B32016/dp/B07MT4QWYL/ref=sr_1_154?dchild=1&keywords=hard+drive&psr=EY17&qid=1606252046&s=black-friday&sr=1-154	14.39	25.99	0	44.63255098
Ecovacs Robot Vacuum OZMO920 Robotic Vacuum Cleaner, 2-in-1 with Mop Smart Navi 3.0 Laser Technology, Multi-floor Mapping, Virtual Boundary, Alexa & App Connect for Low-pile Carpets & Hard Floors	Ecovacs Robot Vacuum OZMO	/Ecovacs-Technology-Cleaning-Multi-floor-Boundary/dp/B07WZD96GP/ref=sr_1_91?dchild=1&keywords=hard+drive&psr=EY17&qid=1606252033&s=black-friday&sr=1-91	332.98	589.98	201	43.56079867
Roku Streaming Stick+ | HD/4K/HDR Streaming Media Player, Black	Roku Streaming Stick+ | H	/Roku-Streaming-Stick-Media-Player/dp/B076FH18TC/ref=sr_1_80?dchild=1&keywords=hard+drive&psr=EY17&qid=1606252030&s=black-friday&sr=1-80	34	59.99	0	43.32388731
Samsung 970 EVO Plus 500 GB PCIe NVMe M.2 (2280) Internal Solid State Drive (SSD) (MZ-V7S500)	Samsung 970 EVO Plus 500 	/Samsung-MZ-V7S500BW-Solid-State-Drive/dp/B07MFBLN7K/ref=sr_1_53?dchild=1&keywords=hard+drive&psr=EY17&qid=1606252027&s=black-friday&sr=1-53	69.99	121.99	0	42.62644479
USB C Hub Type C Dock Adapter - USB C Dock 7 In 1 with 4K HDMI (30Hz), 2 USB 3.0 Ports, SD/TF Card Reader, Compatible with MacBook Pro/Air and More Type-C Laptops Or Devices	USB C Hub Type C Dock Ada	/Multi-port-Adapter-Delivery-MacBook-Spectre-Grey/dp/B07CPRWL41/ref=sr_1_159_mod_primary_lightning_deal?dchild=1&keywords=hard+drive&psr=EY17&qid=1606252046&s=black-friday&sbo=Tc8eqSFhUl4VwMzbE4fw%2Fw%3D%3D&smid=A2QFAGLKNVUN3&sr=1-159	15.99	26.99	536	40.75583549
Macbook Pro Air Adapter,7 IN 2 Type C Hub Dongle for MacBook Pro 2020-2016,MacBook Air 2020/2019/2018 with 4K HDMI, 2 USB 3.0 Port, SD/Micro SD Card Reader, 100W Power Delivery and USB C Female Port	Macbook Pro Air Adapter,7	/Dongle-Adapter-MacBook-2020-2016-Thunderbolt-Double-C-7-1-Hub/dp/B07X1VZRT1/ref=sr_1_153?dchild=1&keywords=hard+drive&psr=EY17&qid=1606252046&s=black-friday&sr=1-153	17.99	29.99	0	40.01333778
G-Technology 5 TB ArmorATD,Rugged, Shock-Proof and Water-Resistant External Hard Drive - USB-C, Thunderbolt 3, USB 3.0	G-Technology 5 TB ArmorAT	/G-Technology-TB-ArmorATD-All-Terrain-Drive/dp/B07X92R8Q1/ref=sr_1_9?dchild=1&keywords=hard+drive&psr=EY17&qid=1606252021&s=black-friday&sr=1-9	119.99	199.99	906	40.0020001
WD 8TB My Cloud Home Personal Cloud	WD 8TB My Cloud Home Pers	/WD-TB-Cloud-Home-Personal/dp/B074DXGB3V/ref=sr_1_36?dchild=1&keywords=hard+drive&psr=EY17&qid=1606252024&s=black-friday&sr=1-36	189.99	315.94	0	39.86516427
Fire HD 8 Tablet, 8" HD display, 32 GB, Twilight Blue - with Ads, designed for portable entertainment	Fire HD 8 Tablet, 8" HD d	/all-new-fire-hd-8-tablet-8-hd-display-32-64-gb-twilight-blue-with-special-offers-designed-for-portable-entertainment/dp/B07WFKTVKV/ref=sr_1_82?dchild=1&keywords=hard+drive&psr=EY17&qid=1606252033&s=black-friday&sr=1-82	54.99	89.99	0	38.89321036
ANNKE 8CH 5MP H.265+ DVR, 1080P True Color Night Vision CCTV Camera System, 1TB Hard Drive, 8X 2.0MP HD Weatherproof Outdoor Security Bullet Camera, Smart Array LEDs, Remote Access, Easy DIY	ANNKE 8CH 5MP H.265+ DVR,	/ANNKE-Vision-Weatherproof-Outdoor-Security/dp/B08354ZYQ7/ref=sr_1_29?dchild=1&keywords=hard+drive&psr=EY17&qid=1606252021&s=black-friday&sr=1-29	202.99	329.99	31	38.48601473
WD Blue 3D NAND Internal SSD 2.5 Inch SATA - 4 TB	WD Blue 3D NAND Internal 	/Blue-NAND-Internal-Inch-SATA/dp/B07QV3XGCP/ref=sr_1_148?dchild=1&keywords=hard+drive&psr=EY17&qid=1606252046&s=black-friday&sr=1-148	289.99	470.99	103	38.42969065
Mosgo Hard Surface Path & Patio Cleaner, Clear	Mosgo Hard Surface Path &	/Mosgo-Surface-Patio-Cleaner-Clear/dp/B0852RWRK4/ref=sr_1_168?dchild=1&keywords=hard+drive&psr=EY17&qid=1606252049&s=black-friday&sr=1-168	12.4	19.99	42	37.96898449
SANNCE 4CH Home CCTV DVR Camera System 1TB HDD, 4x1080P Outdoor Wide Angle Dome Security Cameras, P2P, 1080P EXIR Night Vision, Motion Alert w/Photo	SANNCE 4CH Home CCTV DVR 	/SANNCE-CCTV-1920x1080P-Weatherproof-Installation/dp/B01I9L76RG/ref=sr_1_51?dchild=1&keywords=hard+drive&psr=EY17&qid=1606252024&s=black-friday&sr=1-51	124.79	199.99	131	37.60188009
Crucial CT1000X8SSD9 X8 1 TB Portable SSD â€“ Up to 1050 MB/s â€“ USB 3.2 â€“ External Solid State Drive, USB-C, USB-A	Crucial CT1000X8SSD9 X8 1	/Crucial-CT1000X8SSD9-Portable-USB-C-Black/dp/B07YD5TK4F/ref=sr_1_25?dchild=1&keywords=hard+drive&psr=EY17&qid=1606252021&s=black-friday&sr=1-25	95.99	153.59	0	37.50244157
Fire HD 10 Tablet | 10.1" 1080p Full HD display, 32 GB, Black - without Ads	Fire HD 10 Tablet | 10.1"	/amazon-fire-hd-10-tablet-1080p-full-hd-display-32-gb-black-without-special-offers/dp/B07KD7SG8V/ref=sr_1_74?dchild=1&keywords=hard+drive&psr=EY17&qid=1606252030&s=black-friday&sr=1-74	99.99	159.99	0	37.5023439
Panasonic DP-UB150EB-K 4K Ultra HD Blu-Ray Player with HDR10+ Black Compact	Panasonic DP-UB150EB-K 4K	/Panasonic-DP-UB150EB-K-Ultra-Blu-ray-Player-Black/dp/B07NSCHTRC/ref=sr_1_64?dchild=1&keywords=hard+drive&psr=EY17&qid=1606252027&s=black-friday&sr=1-64	114.99	179.99	607	36.1131174
USB IDE or SATA Adapter, FIDECO USB 3.0 Hard Drive Adapter Universal for 2.5/3.5 inch SATA HDD/SSD & IDE HDD, Included 12V 2A Power Adapter & USB 3.0 Cable	USB IDE or SATA Adapter, 	/Adapter-FIDECO-Drive-Universal-Included/dp/B078GZG4ST/ref=sr_1_26?dchild=1&keywords=hard+drive&psr=EY17&qid=1606252021&s=black-friday&sr=1-26	15.35	23.99	0	36.01500625
Wavlink USB 3.0 Dual Bay SATA External Hard Drive Docking Station for 2.5 Inch and 3.5 Inch HDD/SSD Support Offline Clone/Backup Functions - Black, Dual Bag	Wavlink USB 3.0 Dual Bay 	/Wavlink-External-Docking-Station-Functions/dp/B01H7D5W4G/ref=sr_1_11?dchild=1&keywords=hard+drive&psr=EY17&qid=1606252021&s=black-friday&sr=1-11	23.19	35.99	389	35.56543484
Ring Video Doorbell Pro Hardwired | Includes Chime (1st generation), 1080p HD, Two-Way Talk, Wi-Fi, Motion Detection | With 30-day free trial of Ring Protect Plan	Ring Video Doorbell Pro H	/Ring-Doorbell-Transformer-Two-Way-Detection/dp/B072KLVTQP/ref=sr_1_86?dchild=1&keywords=hard+drive&psr=EY17&qid=1606252033&s=black-friday&sr=1-86	149	229	0	34.93449782
WD Blue 3D NAND Internal SSD 2.5 Inch SATA - 2 TB, Blue - High Performance	WD Blue 3D NAND Internal 	/WD-Blue-NAND-Internal-Inch/dp/B073SBRHH6/ref=sr_1_50?dchild=1&keywords=hard+drive&psr=EY17&qid=1606252024&s=black-friday&sr=1-50	149.99	229.99	0	34.78412105
Netac ZSLIM External Solid State Drive 500GB, USB 3.2 Gen 2 (10 Gbps, Type-C) Portable SSD up to 500 MB/s Read, External Storage Compatible for Mac, Latop, Desktop, Tablet, Android Phones(Black)	Netac ZSLIM External Soli	/Netac-External-Portable-Storage-Compatible/dp/B08BHZTXZN/ref=sr_1_135?dchild=1&keywords=hard+drive&psr=EY17&qid=1606252043&s=black-friday&sr=1-135	55.99	84.99	86	34.12166137
WD 2 TB My Passport Wireless Pro, Black	WD 2 TB My Passport Wirel	/WD-TB-Passport-Wireless-Pro/dp/B01EAOJBHY/ref=sr_1_15?dchild=1&keywords=hard+drive&psr=EY17&qid=1606252021&s=black-friday&sr=1-15	119.99	181.99	287	34.06780592
SanDisk SSD PLUS 480 GB Sata III 2.5 Inch Internal SSD, Up to 535 MB/s	SanDisk SSD PLUS 480 GB S	/SanDisk-PLUS-Sata-Inch-Internal/dp/B01F9G46Q8/ref=sr_1_24?dchild=1&keywords=hard+drive&psr=EY17&qid=1606252021&s=black-friday&sr=1-24	42.99	64.99	0	33.85136175
Ring Stick Up Cam Plug-In | HD security camera with Two-Way Talk, Works with Alexa | With 30-day free trial of Ring Protect Plan | White	Ring Stick Up Cam Plug-In	/ring-stick-up-cam-plug-in-hd-security-camera-with-two-way-talk-works-with-alexa/dp/B07VCMJQGT/ref=sr_1_112?dchild=1&keywords=hard+drive&psr=EY17&qid=1606252037&s=black-friday&sr=1-112	59	89	0	33.70786517
HP F2B56AA USB DVD-RW External Drive	HP F2B56AA USB DVD-RW Ext	/HP-F2B56AA-DVD-RW-External-Drive/dp/B00H2FTQEW/ref=sr_1_126?dchild=1&keywords=hard+drive&psr=EY17&qid=1606252040&s=black-friday&sr=1-126	36.02	54.21	520	33.55469471
Crucial BX500 240 GB CT240BX500SSD1(Z)-Up to 540 MB/s (Internal SSD, 3D NAND, SATA, 2.5 Inch), Black	Crucial BX500 240 GB CT24	/Crucial-CT240BX500SSD1Z-Internal-Solid-State/dp/B07G3KRZBX/ref=sr_1_31?dchild=1&keywords=hard+drive&psr=EY17&qid=1606252021&s=black-friday&sr=1-31	23.99	35.99	0	33.34259517
WD Green 1 TB Internal SSD 2.5 Inch SATA, Green-Performance	WD Green 1 TB Internal SS	/Western-Digital-WDS100T2G0A-GREEN-SATA/dp/B07NNRTTCM/ref=sr_1_69?dchild=1&keywords=hard+drive&psr=EY17&qid=1606252030&s=black-friday&sr=1-69	69.99	103.99	0	32.69545149
ANNKE 4 Pack 30M/100 Feet BNC Video Power Cable Security Camera Cable for CCTV Surveillance DVR System Installation, Free BNC RCA Connector Included	ANNKE 4 Pack 30M/100 Feet	/ANNKE-Security-Surveillance-Installation-Connector/dp/B00INJBKKY/ref=sr_1_81?dchild=1&keywords=hard+drive&psr=EY17&qid=1606252030&s=black-friday&sr=1-81	18.21	26.99	0	32.53056688
BENSN 12v 2a Power Supply Adapter, AC to DC Adapter Power Cord for Router, Home Appliances | CCTV Camera, Seagate External Hard Drive, Yamaha Keyboards, Led Strips Lights	BENSN 12v 2a Power Supply	/BENSN-Adapter-Appliances-External-Keyboards/dp/B07JY9FBLR/ref=sr_1_49_mod_primary_lightning_deal?dchild=1&keywords=hard+drive&psr=EY17&qid=1606252024&s=black-friday&sbo=Tc8eqSFhUl4VwMzbE4fw%2Fw%3D%3D&smid=A1N82VPXK3JVYS&sr=1-49	8.79	12.99	443	32.33256351
Wolfenstein Alt History Collection (PS4)	Wolfenstein Alt History C	/Wolfenstein-Alt-History-Collection-PS4/dp/B08L9XVZQC/ref=sr_1_58?dchild=1&keywords=hard+drive&psr=EY17&qid=1606252027&s=black-friday&sr=1-58	19.99	29.48	0	32.19131615
Ring Floodlight Cam | HD Security Camera with Built-in Floodlights, Two-Way Talk and Siren Alarm | With 30-day free trial of Ring Protect Plan	Ring Floodlight Cam | HD 	/Ring-Floodlight-Security-Floodlights-Two-Way/dp/B074G9DPXD/ref=sr_1_94?dchild=1&keywords=hard+drive&psr=EY17&qid=1606252033&s=black-friday&sr=1-94	169	249	0	32.12851406
Ring Floodlight Cam | HD Security Camera with Built-in Floodlights, Two-Way Talk and Siren Alarm | With 30-day free trial of Ring Protect Plan	Ring Floodlight Cam | HD 	/Ring-Floodlight-Security-Floodlights-Two-Way/dp/B074G9DPXD/ref=sr_1_98?dchild=1&keywords=hard+drive&psr=EY17&qid=1606252037&s=black-friday&sr=1-98	169	249	0	32.12851406
EC Technology Portable Charger 22400mAh Power Bank Ultra High Capacity External Battery Pack	EC Technology Portable Ch	/EC-Technology-Portable-22400mAh-Smartphone-Black-Red/dp/B00F5Q4F0U/ref=sr_1_100?dchild=1&keywords=hard+drive&psr=EY17&qid=1606252037&s=black-friday&sr=1-100	13.59	19.99	0	32.016008
EC Technology Portable Charger 22400mAh Power Bank Ultra High Capacity External Battery Pack	EC Technology Portable Ch	/EC-Technology-Portable-22400mAh-Smartphone-Black-Red/dp/B00F5Q4F0U/ref=sr_1_96?dchild=1&keywords=hard+drive&psr=EY17&qid=1606252033&s=black-friday&sr=1-96	13.59	19.99	0	32.016008
Crucial P2 CT250P2SSD8 250 GB Internal SSD, Up to 2400 MB/s (3D NAND, NVMe, PCIe, M.2)	Crucial P2 CT250P2SSD8 25	/Crucial-CT250P2SSD8-250GB-Internal-2100/dp/B086BKGSC1/ref=sr_1_93?dchild=1&keywords=hard+drive&psr=EY17&qid=1606252033&s=black-friday&sr=1-93	31.99	46.79	0	31.63069032
Crucial P2 CT250P2SSD8 250 GB Internal SSD, Up to 2400 MB/s (3D NAND, NVMe, PCIe, M.2)	Crucial P2 CT250P2SSD8 25	/Crucial-CT250P2SSD8-250GB-Internal-2100/dp/B086BKGSC1/ref=sr_1_97?dchild=1&keywords=hard+drive&psr=EY17&qid=1606252037&s=black-friday&sr=1-97	31.99	46.79	0	31.63069032
ANNKE 8CH 5MP H.265+ CCTV Camera System w/1TB HDD, 8x 2.0MP Security Outdoor Bullet Cameras, Email Alert with Images, Smart Playback, 24/7 Home &Business Monitoring Recording	ANNKE 8CH 5MP H.265+ CCTV	/ANNKE-Systems-All-Weather-Adaptation-Playback/dp/B013SL9WGK/ref=sr_1_57?dchild=1&keywords=hard+drive&psr=EY17&qid=1606252027&s=black-friday&sr=1-57	164.99	239.99	409	31.25130214
Netvue 1080P Outdoor Security Camera, Home WIFI IP Camera Smart Surveillance Camera with Motion/Human Detection, IP66 Weatherproof, 30ft Night Vision, Support Alexa and 2-way Audio, Cloud Storage	Netvue 1080P Outdoor Secu	/Compatible-Wireless-Security-Outdoor-Detector/dp/B07D72T39X/ref=sr_1_143?dchild=1&keywords=hard+drive&psr=EY17&qid=1606252043&s=black-friday&sr=1-143	27.64	39.99	0	30.88272068
Reolink 4MP HD PoE CCTV Camera Systems, 4X 1440P Wired PoE Outdoor IP Security Camera, 8-Channel NVR Built-in 2TB HDD for 24/7 Recording, Weatherproof Night Vision Motion Detection, RLK8-410B4	Reolink 4MP HD PoE CCTV C	/Reolink-Supported-Surveillance-Recording-RLK8-410B4-4MP-8CH-4MP-POE-NVR-4-Bullet-Cameras/dp/B07L934435/ref=sr_1_66?dchild=1&keywords=hard+drive&psr=EY17&qid=1606252027&s=black-friday&sr=1-66	276.79	399.99	143	30.80077002
Reolink 4K 8CH PoE CCTV Outdoor Camera Systems, with 4pcs 8MP Ultra HD Four Times 1080P PoE Security IP Cameras and 2TB HDD NVR for 24/7 Recording, Digitally Zoom Waterproof Night Vision RLK8-800D4	Reolink 4K 8CH PoE CCTV O	/NEW%E3%80%91Reolink-Security-Digitally-Waterproof-RLK8-800D4/dp/B0814Z8H4Q/ref=sr_1_89?dchild=1&keywords=hard+drive&psr=EY17&qid=1606252033&s=black-friday&sr=1-89	399.99	576.39	138	30.60427835
Reolink 4K PoE CCTV Camera System, 8CH Security Systems 4X 8MP Four Times 1080P Outdoor IP Camera, 8CH 2TB HDD NVR Continuous Recording Night Vision Digitally Zoom Audio Remote Access, RLK8-800B4	Reolink 4K PoE CCTV Camer	/Reolink-8-Channel-Surveillance-Recording-RLK8-800B4/dp/B07LBFJDQW/ref=sr_1_47?dchild=1&keywords=hard+drive&psr=EY17&qid=1606252024&s=black-friday&sr=1-47	399.99	576.39	515	30.60427835
ieGeek Security Camera WiFi IP Camera 1080P Wireless Indoor CCTV Camera with Cloud Storage, Motion Tracker, Speed Playback for Home Surveillance Baby/Elder/Pet/Nanny Monitor	ieGeek Security Camera Wi	/ieGeek-Security-Wireless-Playback-Surveillance/dp/B07RMXQ3SN/ref=sr_1_151?dchild=1&keywords=hard+drive&psr=EY17&qid=1606252046&s=black-friday&sr=1-151	22.94	32.99	932	30.4637769
Samsung T7 Portable SSD - 500 GB - USB 3.2 Gen.2 External SSD - Metallic Red (MU-PC500R/WW)	Samsung T7 Portable SSD -	/Samsung-T7-Portable-SSD-MU-PC500R/dp/B087DF38J9/ref=sr_1_62?dchild=1&keywords=hard+drive&psr=EY17&qid=1606252027&s=black-friday&sr=1-62	86.76	124.49	646	30.30765523
Ring Spotlight Cam Battery | HD Security Camera with LED Spotlight, Alarm, Two-Way Talk, Battery Operated | With 30-day free trial of Ring Protect Plan	Ring Spotlight Cam Batter	/Ring-Spotlight-Battery-Security-Operated/dp/B077VXQX7P/ref=sr_1_136?dchild=1&keywords=hard+drive&psr=EY17&qid=1606252043&s=black-friday&sr=1-136	139	199	0	30.15075377
Western Digital WD 4 TB My Passport Wireless Pro, Black	Western Digital WD 4 TB M	/WD-TB-Passport-Wireless-Pro/dp/B01M7YQ89L/ref=sr_1_23?dchild=1&keywords=hard+drive&psr=EY17&qid=1606252021&s=black-friday&sr=1-23	159.99	228.99	197	30.13232019
nonda USB Type C to USB 3.0 Adapter, Thunderbolt 3 to USB Adapter Aluminum with Indicator LED for MacBook Pro 2019/2018, MacBook Air 2018, Pixel 3, Dell XPS and More Type-C Devices (Space Gray)	nonda USB Type C to USB 3	/nonda-Adapter-Thunderbolt-Aluminum-Indicator/dp/B015Z7XE0A/ref=sr_1_128?dchild=1&keywords=hard+drive&psr=EY17&qid=1606252040&s=black-friday&sr=1-128	6.99	9.99	0	30.03003003
Soundcore Motion+ Bluetooth Speaker with Hi-Res 30W Audio, BassUp, Extended Bass and Treble, Wireless HIFI Portable Speaker with App, Customizable EQ, 12-Hour Playtime, IPX7 Waterproof, and USB-C	Soundcore Motion+ Bluetoo	/Soundcore-Bluetooth-Extended-Customizable-Waterproof/dp/B07P39MLKH/ref=sr_1_71?dchild=1&keywords=hard+drive&psr=EY17&qid=1606252030&s=black-friday&sr=1-71	69.99	99.99	0	30.0030003
ANNKE 4CH 1080P FHD WiFi Wireless CCTV Camera System with 10.1â€™â€™ LCD Monitor, Support 5MP Wireless IP Camera, Audio Recording, IR Night Vision, Plug & Play, 1TB Hard Drive	ANNKE 4CH 1080P FHD WiFi 	/ANNKE-Wireless-Monitor-Outdoor-Automatic/dp/B07MJVQYSJ/ref=sr_1_22?dchild=1&keywords=hard+drive&psr=EY17&qid=1606252021&s=black-friday&sr=1-22	181.99	259.99	74	30.00115389
ANNKE Ultra HD 4K 8-Channel H.265 CCTV Camera System W/ 1TB HDD and (4) 4K Weatherproof Cameras with EXIR LED IR Night Vision, Email Alert with Snapshots, Smart Search, Remote Access	ANNKE Ultra HD 4K 8-Chann	/ANNKE-8-Channel-Weatherproof-Cameras-Snapshots/dp/B07PDBS3P8/ref=sr_1_65?dchild=1&keywords=hard+drive&psr=EY17&qid=1606252027&s=black-friday&sr=1-65	223.99	319.99	61	30.00093753
Square Card Reader - Accept Contactless and Chip & PIN, Apple Pay and Google Pay	Square Card Reader - Acce	/Square-Card-Reader-Accept-Contactless/dp/B06XRWD4BD/ref=sr_1_160?dchild=1&keywords=hard+drive&psr=EY17&qid=1606252046&s=black-friday&sr=1-160	15.99	22.8	0	29.86842105
SanDisk Ultra 3D SSD 1TB up to 560MB/s Read / up to 530MB/s Write, Black	SanDisk Ultra 3D SSD 1TB 	/SanDisk-Ultra-560MB-530MB-Write/dp/B071KGRXRG/ref=sr_1_46?dchild=1&keywords=hard+drive&psr=EY17&qid=1606252024&s=black-friday&sr=1-46	84.99	120.99	0	29.75452517
Buluri Cable Organizer Bag Portable Travel Electronics Accessories Storage Cases for Charging Cables, USB Cables, Headphone Cords, Hard Drives, Black	Buluri Cable Organizer Ba	/Buluri-Organizer-Electronics-Accessories-Headphone/dp/B0776D7ZDL/ref=sr_1_162_mod_primary_lightning_deal?dchild=1&keywords=hard+drive&psr=EY17&qid=1606252049&s=black-friday&sbo=Tc8eqSFhUl4VwMzbE4fw%2Fw%3D%3D&smid=A1FS2WYNWRMAD5&sr=1-162	6.3	8.88	418	29.05405405
Crucial P5 2 TB CT2000P5SSD8 Internal Solid State Drive-up to 3400 MB/s (3D NAND, NVMe, PCIe, M.2, 2280SS)	Crucial P5 2 TB CT2000P5S	/Crucial-CT2000P5SSD8-Internal-Drive-up-2280SS/dp/B0892TWDP1/ref=sr_1_95?dchild=1&keywords=hard+drive&psr=EY17&qid=1606252033&s=black-friday&sr=1-95	223.99	315.59	648	29.02500079
Crucial P5 2 TB CT2000P5SSD8 Internal Solid State Drive-up to 3400 MB/s (3D NAND, NVMe, PCIe, M.2, 2280SS)	Crucial P5 2 TB CT2000P5S	/Crucial-CT2000P5SSD8-Internal-Drive-up-2280SS/dp/B0892TWDP1/ref=sr_1_99?dchild=1&keywords=hard+drive&psr=EY17&qid=1606252037&s=black-friday&sr=1-99	223.99	315.59	648	29.02500079
Seagate Game Drive for PS4 2Â TB External Hard Drive Portable HDD - USB 3.0 The Last of Us II Special Edition, Designed for PS4 (STGD2000202)	Seagate Game Drive for PS	/Seagate-Game-Drive-External-Portable/dp/B086M1WRKQ/ref=sr_1_10?dchild=1&keywords=hard+drive&psr=EY17&qid=1606252021&s=black-friday&sr=1-10	63.99	89.99	0	28.89209912
Samsung T7 Touch Portable SSD - 1 TB - USB 3.2 Gen.2 External SSD Metallic Silver (MU-PC1T0S/WW)	Samsung T7 Touch Portable	/Samsung-Touch-Portable-SSD-MU-PC1T0S/dp/B082VVMNK2/ref=sr_1_30?dchild=1&keywords=hard+drive&psr=EY17&qid=1606252021&s=black-friday&sr=1-30	137.99	193.99	654	28.8674674
UGREEN USB C Hub Adapter Type C to 4 Ports USB 3.0 Data Hub USB Splitter Compatible with Macbook Pro/Air 2020, iPad Pro, XPS, Zenbook, ThinkPad, Ideapad, Envy, Elitebook, more	UGREEN USB C Hub Adapter 	/UGREEN-Splitter-Portable-Extension-Compatible/dp/B07Q29N6H1/ref=sr_1_120?dchild=1&keywords=hard+drive&psr=EY17&qid=1606252040&s=black-friday&sr=1-120	9.35	12.99	0	28.02155504
Premium Cord Hard Drive 80 Wire Flat Cable ATA133 3 Port 60 cm	Premium Cord Hard Drive 8	/Premium-Cord-Drive-Cable-ATA133/dp/B07NSV6SX9/ref=sr_1_78?dchild=1&keywords=hard+drive&psr=EY17&qid=1606252030&s=black-friday&sr=1-78	7.49	10.36	18	27.7027027
Seagate Game Drive for Xbox, 4 TB, External Hard Drive Portable HDD, USB 3.0, White, Designed for Xbox One, Xbox Game Pass Membership, and Two-year Rescue Services (STEA4000407)	Seagate Game Drive for Xb	/Seagate-STEA4000407-TB-Game-Drive/dp/B071HXZX2C/ref=sr_1_13?dchild=1&keywords=hard+drive&psr=EY17&qid=1606252021&s=black-friday&sr=1-13	79.73	109.99	0	27.51159196
SanDisk Extreme Pro 1TB Portable SSD, up to 1050 MB/s,Â  USB-C, ruggedized & water-resistant. Works with PC, Xbox and PS4	SanDisk Extreme Pro 1TB P	/SanDisk-Extreme-Portable-Ruggedized-Water-Resistant/dp/B07TMP9YLL/ref=sr_1_35?dchild=1&keywords=hard+drive&psr=EY17&qid=1606252021&s=black-friday&sr=1-35	159.99	219.99	0	27.273967
Reolink 4K NVR 5MP PoE CCTV Camera Systems, with 4X 5MP Outdoor IP Cameras and 8-Channels 2TB HDD NVR Security Systems, Night Vision Audio Recording Remote Access Motion Detection, RLK8-410B4-5MP	Reolink 4K NVR 5MP PoE CC	/Reolink-Security-Surveillance-Recording-RLK8-410B4-5MP-8CH-5MP-POE-NVR-4-Bullet-Cameras/dp/B01C5JE3DS/ref=sr_1_70?dchild=1&keywords=hard+drive&psr=EY17&qid=1606252030&s=black-friday&sr=1-70	316.79	435.59	425	27.27335338
Crucial MX500 2 TB CT2000MX500SSD1(Z)-Up to 560 MB/s (3D NAND, SATA, 2.5 Inch, Internal SSD)	Crucial MX500 2 TB CT2000	/Crucial-MX500-CT2000MX500SSD1-NAND-Internal/dp/B078C515QL/ref=sr_1_52?dchild=1&keywords=hard+drive&psr=EY17&qid=1606252027&s=black-friday&sr=1-52	155.99	213.59	0	26.96755466
WD My Cloud 24TB EX2 Ultra 2-bay NAS, Black	WD My Cloud 24TB EX2 Ultr	/WD-Cloud-Ultra-2-bay-Black/dp/B085FBCRTD/ref=sr_1_127?dchild=1&keywords=hard+drive&psr=EY17&qid=1606252040&s=black-friday&sr=1-127	549.99	752.48	3	26.90968531
ANNKE 8CH 5MP H.265+ CCTV Camera System, 2X 2.0MP Outdoor Waterproof Security Bullet Camera, Email APP Alert, Remote Access, Easy DIY, IR Night Vision LEDs, Smart Recording, NO HDD	ANNKE 8CH 5MP H.265+ CCTV	/ANNKE-Recorder-Weatherproof-Security-Cameras/dp/B013ANIH5I/ref=sr_1_115_mod_primary_lightning_deal?dchild=1&keywords=hard+drive&psr=EY17&qid=1606252040&s=black-friday&sbo=Tc8eqSFhUl4VwMzbE4fw%2Fw%3D%3D&smid=A13Y8WF24NYSW6&sr=1-115	59.99	81.99	722	26.83254055
WD 8 TB Elements Desktop External Hard Drive - USB 3.0, Black	WD 8 TB Elements Desktop 	/WD-Elements-Desktop-Hard-Drive/dp/B07FNK6QMT/ref=sr_1_6?dchild=1&keywords=hard+drive&psr=EY17&qid=1606252021&s=black-friday&sr=1-6	124.99	169.99	997	26.47214542
WD 16 TB My Cloud Pro PR4100 Professional Series 4-Bay Network Attached Storage - NAS - WDBNFA0160KBK-EESN	WD 16 TB My Cloud Pro PR4	/WD-Professional-Network-Attached-Storage/dp/B01GRFFCY0/ref=sr_1_103?dchild=1&keywords=hard+drive&psr=EY17&qid=1606252037&s=black-friday&sr=1-103	669.99	896.13	231	25.23517793
WD 5 TB My Passport Ultra, Portable Hard Drive with Password Protection and Auto Backup Software, USB-C ready - Blue - Works with PC, Xbox X, and PS4	WD 5 TB My Passport Ultra	/Western-Digital-Passport-Ultra-WDBFTM0050BBL-WESN/dp/B07X46C64N/ref=sr_1_7?dchild=1&keywords=hard+drive&psr=EY17&qid=1606252021&s=black-friday&sr=1-7	109.99	146.99	0	25.17178039
Sabrent 3.5-Inch to x2 SSD / 2.5-Inch Internal Hard Drive Mounting Kit [SATA and Power Cables included] (BK-HDCC)	Sabrent 3.5-Inch to x2 SS	/Sabrent-3-5-Inch-2-5-Inch-Internal-BK-HDCC/dp/B015MSJ1DG/ref=sr_1_14?dchild=1&keywords=hard+drive&psr=EY17&qid=1606252021&s=black-friday&sr=1-14	5.98	7.99	0	25.15644556
Fire 7 Tablet | 7" display, 16 GB, Black - without Ads	Fire 7 Tablet | 7" displa	/Fire-7-Tablet---Black---16-GB/dp/B07JQRM9W4/ref=sr_1_114?dchild=1&keywords=hard+drive&psr=EY17&qid=1606252040&s=black-friday&sr=1-114	44.99	59.99	0	25.00416736
WD 5 TB Elements Portable External Hard Drive - USB 3.0, Black	WD 5 TB Elements Portable	/WD-Elements-Portable-External-Drive/dp/B07X41PWTY/ref=sr_1_1?dchild=1&keywords=hard+drive&psr=EY17&qid=1606252021&s=black-friday&sr=1-1	89.99	119.99	0	25.00208351
Corsair CC-9011111-WW Crystal Series 570X RGB Windowed Mid-Tower ATX Tempered Glass Case with RGB Case Fan - Red	Corsair CC-9011111-WW Cry	/Corsair-CC-9011111-WW-Windowed-Mid-Tower-Tempered/dp/B073D2C17W/ref=sr_1_122?dchild=1&keywords=hard+drive&psr=EY17&qid=1606252040&s=black-friday&sr=1-122	134.99	179.99	0	25.00138897
PNY CS2130 M.2 NVMe Internal Solid State Drive (SSD) 500GB - up to 3500 MB/s Black	PNY CS2130 M.2 NVMe Inter	/PNY-CS2130-Internal-Solid-State/dp/B0869BW8MH/ref=sr_1_72?dchild=1&keywords=hard+drive&psr=EY17&qid=1606252030&s=black-friday&sr=1-72	54.99	73.09	0	24.7639896
WD 3 TB My Passport Wireless Pro, Black	WD 3 TB My Passport Wirel	/WD-TB-Passport-Wireless-Pro/dp/B01EAOJBUQ/ref=sr_1_51?dchild=1&keywords=hard+drive&psr=EY17&qid=1606252027&s=black-friday&sr=1-51	149.99	198.99	177	24.62435298
Reolink 4MP 8CH PoE Security Camera System, Home CCTV System with 4X 1440P Two Times 1080P Outdoor IP Cameras and 2TB Hard Drive NVR, 100ft Night Vision Audio Remote Access Recording, RLK8-420D4-4MP	Reolink 4MP 8CH PoE Secur	/Reolink-Security-Recording-Detection-RLK8-420D4-4MP/dp/B07QQRLDLX/ref=sr_1_34?dchild=1&keywords=hard+drive&psr=EY17&qid=1606252021&s=black-friday&sr=1-34	276.79	365.99	102	24.37225061
Reolink PoE CCTV Security Camera, 5MP Super HD IP Camera Support Audio Bullet Outdoor Indoor Camera IR Night Vision Motion Detection Remote Access, RLC-410-5MP (Pack of 2)	Reolink PoE CCTV Security	/Reolink-Megapixels-Detection-RLC-410-5MP-Pack-5MP-Bullet-PoE-IP-Camera-Fixed-Lens-2/dp/B079L5XDNZ/ref=sr_1_106?dchild=1&keywords=hard+drive&psr=EY17&qid=1606252037&s=black-friday&sr=1-106	72.18	94.99	460	24.01305401
Panasonic DVD-S700EB-K DVD Player with Multi Format Playback	Panasonic DVD-S700EB-K DV	/Panasonic-DVD-S700EB-K-Player-Scart-input/dp/B07RVMTQPG/ref=sr_1_61?dchild=1&keywords=hard+drive&psr=EY17&qid=1606252027&s=black-friday&sr=1-61	34.99	45.99	0	23.9182431
Type C to HDMI Adapter, iBacakys USB-C (Type C) to HDMI DVI VGA USB 3.0 USB Hub Multiport Adapter for MacBook/MacBook Pro/Chromebook Pixel/Samsung Galaxy S8/ S8 Plus to HDTV/Monitors/Projector,Silver	Type C to HDMI Adapter, i	/iBacakys-Multiport-Chromebook-Monitors-Projector/dp/B07D9F5HTM/ref=sr_1_158_mod_primary_lightning_deal?dchild=1&keywords=hard+drive&psr=EY17&qid=1606252046&s=black-friday&sbo=Tc8eqSFhUl4VwMzbE4fw%2Fw%3D%3D&smid=A3JMFDSDX01T06&sr=1-158	15.67	20.59	96	23.89509471
LaCie Rugged Mini 2TB USB 3.0 Portable 2.5 inch External Hard Drive for PC and Mac	LaCie Rugged Mini 2TB USB	/LaCie-Portable-Resistant-External-LAC9000298/dp/B00IRV005E/ref=sr_1_2?dchild=1&keywords=hard+drive&psr=EY17&qid=1606252021&s=black-friday&sr=1-2	69.14	90	0	23.17777778
SANNCE POE CCTV Home Security Camera System 4CH XPOE NVR Recorder 1TB Hard Drive, 4X 5.0MP HD Indoor Outdoor Metal IP Cam (Power Over Ethernet, Easy Mobile Access with APP Alert)	SANNCE POE CCTV Home Secu	/SANNCE-POE-Security-Recorder-Ethernet/dp/B07Y575L9H/ref=sr_1_35_mod_primary_lightning_deal?dchild=1&keywords=hard+drive&psr=EY17&qid=1606252024&s=black-friday&sbo=Tc8eqSFhUl4VwMzbE4fw%2Fw%3D%3D&smid=AJ76WD4GQXPJ4&sr=1-35	199.99	259.99	28	23.07781069
Seagate Expansion Portable 1 TB External Hard Drive HDD â€“ USB 3.0 for PC Laptop (STEA1000400)	Seagate Expansion Portabl	/Seagate-Expansion-Portable-PlayStation-STEA1000400/dp/B00TKFEEAS/ref=sr_1_3?dchild=1&keywords=hard+drive&psr=EY17&qid=1606252021&s=black-friday&sr=1-3	35.06	45.52	0	22.97891037
ZOSI 4 Channel H.265+ 1080P Home CCTV Security Camera Systems with 1TB Hard Drive 2MP DVR with 4 Cameras 1080P Motion Detection Kits Outdoor Surveillance	ZOSI 4 Channel H.265+ 108	/ZOSI-Systems-1920x1080P-Outdoor-Surveillance/dp/B06WV9WPWW/ref=sr_1_41?dchild=1&keywords=hard+drive&psr=EY17&qid=1606252024&s=black-friday&sr=1-41	126.39	162.99	150	22.45536536
NUBWO PS4 Headset Xbox one Stereo Gaming Headphone with Noise Cancelling with in-line Control for PS4/Xbox 1/PC	NUBWO PS4 Headset Xbox on	/NUBWO-Headset-Headphone-Cancelling-Control/dp/B07X3RGV9C/ref=sr_1_108?dchild=1&keywords=hard+drive&psr=EY17&qid=1606252037&s=black-friday&sr=1-108	19.88	24.99	0	20.44817927
Seagate Desktop, 8 TB, External Hard Drive HDD â€“ USB 3.0 for PC Laptop and Mac and Two-year Rescue Services (STGY8000400) - Amazon Exclusive	Seagate Desktop, 8 TB, Ex	/Seagate-Expansion-External-PlayStation-STGY8000400/dp/B07DQBFQ2D/ref=sr_1_5?dchild=1&keywords=hard+drive&psr=EY17&qid=1606252021&s=black-friday&sr=1-5	111.99	140.28	0	20.16680924
ANG Flirt Pole Rope Tug Dog Toy, Braided Cotton Blend Rope Outdoor Interective Toy for Pulling, Chasing, Chewing, Training (L)	ANG Flirt Pole Rope Tug D	/ANG-Braided-Outdoor-Interective-Training/dp/B0171F11BS/ref=sr_1_149?dchild=1&keywords=hard+drive&psr=EY17&qid=1606252046&s=black-friday&sr=1-149	15.18	18.99	616	20.06319115
32GB Metal Keyring USB 2.0 Flash Drive Bulk Waterproof Thumb Drive Jump Drive Pen Drive Memory Stick Keyring,Silvery	32GB Metal Keyring USB 2.	/Metal-Waterproof-Memory-Keyring-Silvery/dp/B07GT4MSHT/ref=sr_1_125?dchild=1&keywords=hard+drive&psr=EY17&qid=1606252040&s=black-friday&sr=1-125	5.59	6.99	921	20.0286123
AmazonBasics Double Braided Nylon USB 2.0 A to Micro B Cable | 3 Feet (0.9 m), Silver	AmazonBasics Double Braid	/AmazonBasics-Double-Braided-Nylon-Silver/dp/B074VM7J68/ref=sr_1_104?dchild=1&keywords=hard+drive&psr=EY17&qid=1606252037&s=black-friday&sr=1-104	5.79	7.24	730	20.02762431
Netac 32G USB 3.0 Flash Drive, High Speed Swivel Design Memory Stick,Up to 90/30 MB/s(R/W) Pen Drive, Thumb Drive for Data Storage, Zip Drive and jump Drive with LED Light	Netac 32G USB 3.0 Flash D	/Netac-Swivel-Design-Memory-Storage/dp/B082V2Y47N/ref=sr_1_90?dchild=1&keywords=hard+drive&psr=EY17&qid=1606252033&s=black-friday&sr=1-90	6.39	7.99	0	20.02503129
UGREEN USB 3.0 Extension Cable Male to Female USB Extension Cable, USB Extender Lead Compatible with Gold Plated for Oculus Rift, PS VR, HTC Vive, Card Reader, Keyboard, Printer, Scanner, Camera (2M)	UGREEN USB 3.0 Extension 	/UGREEN-10373-Extension-Extender-Oculus/dp/B00P0ES0YE/ref=sr_1_107?dchild=1&keywords=hard+drive&psr=EY17&qid=1606252037&s=black-friday&sr=1-107	7.19	8.99	0	20.02224694
EÂ·Durable Torx Screwdriver Sets T3 T4 T5 T6 T8 T9 T10 T15 Security Torx Drivers with ESD Tweezers, Magnetic Screwdrivers Precision Repair Kit for Xbox PS4 Ring Doorbell Folding knife Macbook Computer	EÂ·Durable Torx Screwdrive	/Repair-Durable-Pentaloble-Phillips-Screwdriver/dp/B01KLMQFVY/ref=sr_1_92?dchild=1&keywords=hard+drive&psr=EY17&qid=1606252033&s=black-friday&sr=1-92	8.79	10.99	586	20.01819836
uni USB C to SD Card Reader, Memory Card Adapter [Thunderbolt 3] for SD/Micro SD Compatible for MacBook Pro 2019/2018,MacBook Air/iPad Pro 2018, Samsung Galaxy S10/S9/S8, Surface Go/Book 2-Grey	uni USB C to SD Card Read	/MicroSD-Reader-Thunderbolt-Compatible-Type-C/dp/B07DJT5GPT/ref=sr_1_147?dchild=1&keywords=hard+drive&psr=EY17&qid=1606252046&s=black-friday&sr=1-147	9.59	11.99	0	20.01668057
ABLEWE USB to Ethernet Adapter, 4 in 1 Aluminum USB Ethernet Adapter with RJ45 10/100/1000Mbps Gigabit Network LAN Port, 3 USB 3.0 Port, for MacBook Pro,Surface Pro, XPS,etc	ABLEWE USB to Ethernet Ad	/ABLEWE-Ethernet-Adapter-Aluminum-1000Mbps/dp/B085DJLDBC/ref=sr_1_152?dchild=1&keywords=hard+drive&psr=EY17&qid=1606252046&s=black-friday&sr=1-152	11.19	13.99	0	20.01429593
TSUPY USB 3.0 Hub, 5 in 1 Ultra-Slim USB Data Hub with 4ft Long Extension Cable, 3-Port USB 3.0 + SD/TF Card Reader High-Speed USB Splitter Adapter for PC, Laptop, Flash Drives, PS4, HDD and More	TSUPY USB 3.0 Hub, 5 in 1	/TSUPY-Adapter-Compatible-MacBook-Surface-Black/dp/B07V4KRGTM/ref=sr_1_150?dchild=1&keywords=hard+drive&psr=EY17&qid=1606252046&s=black-friday&sr=1-150	11.99	14.99	594	20.01334223
Memory Stick For iPhone 64GB, HUGERSTONE IOS Flash Drive, 3-in-1 OTG USB Encrypted Pen Drive Compact Wireless External Storage for IOS Android Computers Black	Memory Stick For iPhone 6	/HUGERSTONE-Encrypted-Wireless-External-Computers/dp/B07VTV3CSL/ref=sr_1_155?dchild=1&keywords=hard+drive&psr=EY17&qid=1606252046&s=black-friday&sr=1-155	15.99	19.99	0	20.010005
External CD DVD Drive, External CD DVD Drive USB 3.0, Rewriter Reader Writer Burner, Portable CD+/-RW CD-ROM DVD-ROM Optical Drive Player for Laptop,PC,Mac 10,OS,Windows 10/8/7/XP,Linux (Black)	External CD DVD Drive, Ex	/External-Rewriter-Portable-DVD-ROM-Optical/dp/B085D8DMC2/ref=sr_1_139?dchild=1&keywords=hard+drive&psr=EY17&qid=1606252043&s=black-friday&sr=1-139	15.99	19.99	0	20.010005
Comter External CD DVD Drive, USB 3.0 USB-C CD DVD RW Reader Rewriter with SD TF Card Reader & USB-Stick Port, Super drive for Laptop PC Windows10/8/7/ Vista/XP/Mac OS and Linux	Comter External CD DVD Dr	/Comter-External-Rewriter-USB-Stick-Windows10/dp/B0892CQLL5/ref=sr_1_117?dchild=1&keywords=hard+drive&psr=EY17&qid=1606252040&s=black-friday&sr=1-117	16.79	20.99	485	20.00952835
UGREEN Macbook Pro Adapter USB C Hub 6 IN 2 Type C Hub Adapter with SD TF Card Reader, Thunderbolt 3 Port, 3 USB 3.0 Compatible with Macbook Pro/Macbook Air 2020/2019/2018	UGREEN Macbook Pro Adapte	/UGREEN-MacBook-Thunderbolt-Delivery-Compatible-Space-Grey/dp/B07TBYFBFF/ref=sr_1_79?dchild=1&keywords=hard+drive&psr=EY17&qid=1606252030&s=black-friday&sr=1-79	16.79	20.99	503	20.00952835
UGREEN Hard Drive Enclosure 3.5 inch External SATA Disk Caddy Reader USB 3.0 2.5 3.5 HDD SSD 16TB UASP Case Dock Station With 12V 2A Power Adapter For Windows, Linux,MacOS,PS4, Xbox,TV,Laptop,MacBook	UGREEN Hard Drive Enclosu	/UGREEN-External-Enclosure-Docking-Station-Fully-Compatible-2-5-3-5-SATA-HDD-SSD/dp/B076X4WWZY/ref=sr_1_8?dchild=1&keywords=hard+drive&psr=EY17&qid=1606252021&s=black-friday&sr=1-8	18.39	22.99	903	20.00869943
USB C Hub, ABLEWE 7 in 1 USB C Adapter with 4K USB C to HDMI, 3 USB 3.0 Ports, SD/TF Card Reader, Power Delivery, Compatible for Windows,Mac OS, Surface Pro, Chrome, More USB C Devices	USB C Hub, ABLEWE 7 in 1 	/ABLEWE-Adapter-Delivery-Compatible-Windows-USB-C-HUB-7-1/dp/B08L8Z2KZR/ref=sr_1_167?dchild=1&keywords=hard+drive&psr=EY17&qid=1606252049&s=black-friday&sr=1-167	18.39	22.99	530	20.00869943
SSK Aluminum M.2 NVME SSD Enclosure Adapter, USB 3.1 Gen 2 (10 Gbps) to NVME PCI-E M-Key Solid State Drive External Enclosure (Fits only NVMe PCIe 2242/2260/2280)	SSK Aluminum M.2 NVME SSD	/SSK-Aluminum-Enclosure-Adapter-External/dp/B07TXCMQ8B/ref=sr_1_109?dchild=1&keywords=hard+drive&psr=EY17&qid=1606252037&s=black-friday&sr=1-109	19.99	24.99	393	20.0080032
CHOETECH USB C Hub Macbook Pro/Air, 7 in 2 USB C Hub Adapter, Thunderbolt 3 PD 100W, 4K HDMI, USB 3.0, SD/TF Card Reader Compatible with MacBook Pro 2020/2019/2018/2017, MacBook Air 2020-2018	CHOETECH USB C Hub Macboo	/CHOETECH-Thunderbolt-compatible-2016-2020-2018-2020-Space-grey/dp/B082R4C9SY/ref=sr_1_141?dchild=1&keywords=hard+drive&psr=EY17&qid=1606252043&s=black-friday&sr=1-141	19.99	24.99	189	20.0080032
Security Camera Outdoor, Veroyi 1080P Waterproof Home Security Camera System, WiFi IP Camera with IR Night Vision Motion Detection 2-Way Audio Remote Monitor (Updated Version)	Security Camera Outdoor, 	/Veroyi-Outdoor-Security-Surveillance-Detection/dp/B07QBNM7SY/ref=sr_1_156?dchild=1&keywords=hard+drive&psr=EY17&qid=1606252046&s=black-friday&sr=1-156	22.23	27.79	608	20.00719683
SATA/IDE to USB 3.0 Adapter, Unitek IDE Hard Drive Adapter for Universal 2.5"/3.5" Inch IDE and SATA External HDD/SSD, Support 10TB	SATA/IDE to USB 3.0 Adapt	/Upgraded-Version-Chipset-Adapter-Support-USB-3-0-SATA-Converter-Upgraded/dp/B01NAUIA6G/ref=sr_1_21?dchild=1&keywords=hard+drive&psr=EY17&qid=1606252021&s=black-friday&sr=1-21	22.39	27.99	0	20.00714541
SATA/IDE to USB 3.0 Adapter, Unitek IDE Hard Drive Adapter for Universal 2.5"/3.5" Inch IDE and SATA External HDD/SSD, Support 10TB	SATA/IDE to USB 3.0 Adapt	/gp/slredirect/picassoRedirect.html/ref=pa_sp_btf_black-friday_sr_pg2_1?ie=UTF8&adId=A0309892GQ02G4OJR83N&url=%2FUpgraded-Version-Chipset-Adapter-Support-USB-3-0-SATA-Converter-Upgraded%2Fdp%2FB01NAUIA6G%2Fref%3Dsr_1_37_sspa%3Fdchild%3D1%26keywords%3Dhard%2Bdrive%26psr%3DEY17%26qid%3D1606252021%26s%3Dblack-friday%26sr%3D1-37-spons%26psc%3D1&qualifier=1606252024&id=6810469943219796&widgetName=sp_btf	22.39	27.99	0	20.00714541
Two and a Half Men: The Complete Series [DVD] [2015]	Two and a Half Men: The C	/Two-Half-Men-Season-DVD/dp/B00YN8C5HQ/ref=sr_1_111?dchild=1&keywords=hard+drive&psr=EY17&qid=1606252037&s=black-friday&sr=1-111	47.98	59.98	151	20.00666889
Outdoor Security Camera, Wansview 1080P WiFi Home Surveillance Waterproof Camera with Night Vision, Motion Detection, Remote Access, Works with Alexa-W4	Outdoor Security Camera, 	/Security-Wansview-Surveillance-Waterproof-Detection/dp/B07V4CLWVT/ref=sr_1_137?dchild=1&keywords=hard+drive&psr=EY17&qid=1606252043&s=black-friday&sr=1-137	23.99	29.99	0	20.00666889
AIMOS KVM Switch, USB Switch 4K HDMI Switcher Box 2 In 1 Out For 2 Computers Share Keyboard And Mouse Support 4K@30Hz, Not support Hotkey, With HUB Ports	AIMOS KVM Switch, USB Swi	/AIMOS-Switcher-Computers-Keyboard-Support/dp/B08526J4CN/ref=sr_1_157?dchild=1&keywords=hard+drive&psr=EY17&qid=1606252046&s=black-friday&sr=1-157	23.99	29.99	148	20.00666889
Atolla USB 3.0 Hub Powered, 11-Port USB 3.0 Extension Splitterï¼ˆ7 USB 3.0 Data Ports+4 USB 3.0 Smart Charging Portsï¼‰with Individual On/Off Switches and 12V/4A Power Adapter for High Power USB devices.	Atolla USB 3.0 Hub Powere	/Extension-Splitter%EF%BC%887-Charging-Individual-Switches-Black/dp/B07DWQBBZX/ref=sr_1_119?dchild=1&keywords=hard+drive&psr=EY17&qid=1606252040&s=black-friday&sr=1-119	25.59	31.99	370	20.00625195
USB Sticks 8GB 10 Pack Flash Drives Portable USB 2.0 Memory Stick 8 GB Swivel Metal Pen Drive MultiPack U Disk Value Pendrive for PC Laptop Tablet Data Storage Photographs with Cords by FEBNISCTE	USB Sticks 8GB 10 Pack Fl	/Sticks-Drives-Portable-MultiPack-FEBNISCTE/dp/B013R93XCM/ref=sr_1_164?dchild=1&keywords=hard+drive&psr=EY17&qid=1606252049&s=black-friday&sr=1-164	27.19	33.99	800	20.00588408
Sabrent USB 3.2 Tool-Free Enclosure for NVMe PCIe M Key M.2 SSD [SILVER] (EC-TFNE)	Sabrent USB 3.2 Tool-Free	/Sabrent-Tool-Free-Enclosure-SILVER-EC-TFNE/dp/B081FHQ781/ref=sr_1_83?dchild=1&keywords=hard+drive&psr=EY17&qid=1606252033&s=black-friday&sr=1-83	27.99	34.99	0	20.00571592
USB C Hub, 11 in 1 Type C Hub Adapter with 4K HDMI, 1080P VGA, RJ45 Gigabit Ethernet, SD/TF Card Readers, USB 3.0/2.0, USB C Power Delivery, 3.5mm Audio Jacket Compatible for MacBook Pro and More	USB C Hub, 11 in 1 Type C	/Adapter-Gigabit-Ethernet-Delivery-Compatible-Grey/dp/B0856XWTP6/ref=sr_1_145_mod_primary_lightning_deal?dchild=1&keywords=hard+drive&psr=EY17&qid=1606252046&s=black-friday&sbo=Tc8eqSFhUl4VwMzbE4fw%2Fw%3D%3D&smid=A3QZMOEL9W4SJF&sr=1-145	27.99	34.99	462	20.00571592
ROBOTIME Robot Music Box Kit Building - Laser Cut Wooden 3D Jigsaw Puzzles Adults - Mechanical Model Kits Build Your Own - Creative Valentine's Day/Birthday for Boys and Girls	ROBOTIME Robot Music Box 	/Robotime-Robot-Music-Box-Building/dp/B0749GDC5B/ref=sr_1_132?dchild=1&keywords=hard+drive&psr=EY17&qid=1606252043&s=black-friday&sr=1-132	27.99	34.99	752	20.00571592
Victure Security Outdoor Camera 1080P Weatherproof WiFi CCTV Camera with Night Vision, Two Way Audio, Motion Detection, Outdoor Camera Compatible with IOS/Android	Victure Security Outdoor 	/Victure-Security-Weatherproof-Detection-Compatible-White/dp/B07M5GN6X1/ref=sr_1_130?dchild=1&keywords=hard+drive&psr=EY17&qid=1606252043&s=black-friday&sr=1-130	29.59	36.99	0	20.00540687
Mini PC,Intel x5-Z8350 HD Graphics Desktop Computer, Windows 10 Pro 64-bit, DDR3L 2GB/32GB eMMC, Built-in Dual WiFi 2.4G /5.0G /BT 4.0	Mini PC,Intel x5-Z8350 HD	/Fanless-x5-Z8350-Graphics-Desktop-Computer/dp/B07GVG3Q4Z/ref=sr_1_144?dchild=1&keywords=hard+drive&psr=EY17&qid=1606252043&s=black-friday&sr=1-144	71.99	89.99	293	20.00222247
ThiEYE 2.5K Mirror Dash Cam 10" Full Touch Screen Front and Rear Dual Lens Dash Cameras for RHD Cars Waterproof Backup Camera with Sony Sensor, Night Vision, 170Â° Angle, G-Sensor (32GB Card Included)	ThiEYE 2.5K Mirror Dash C	/ThiEYE-Cameras-Waterproof-G-Sensor-Included/dp/B088LSXWCC/ref=sr_1_142?dchild=1&keywords=hard+drive&psr=EY17&qid=1606252043&s=black-friday&sr=1-142	87.99	109.99	108	20.00181835
SSK 2TB Portable NAS External Wireless Hard Drive with Own Wi-Fi Hotspot, Personal Cloud Smart Storage Support Auto-Backup, Phone/Tablet PC/Laptop Wireless Remote Access	SSK 2TB Portable NAS Exte	/SSK-Portable-External-Wireless-Auto-Backup/dp/B0814WPH5M/ref=sr_1_19?dchild=1&keywords=hard+drive&psr=EY17&qid=1606252021&s=black-friday&sr=1-19	100.79	125.99	171	20.00158743
TerraMaster D5-300C USB3.0(5Gbps) Type C 5-Bay RAID Enclosure Support RAID 0/1/Single Exclusive 2+3 RAID Mode Hard Drive RAID Storage (Diskless)	TerraMaster D5-300C USB3.	/TerraMaster-D5-300C-External-Enclosure-Exclusive/dp/B071S6ZCMM/ref=sr_1_20?dchild=1&keywords=hard+drive&psr=EY17&qid=1606252021&s=black-friday&sr=1-20	143.99	179.99	246	20.00111117
Yottamaster 5 Bay RAID Hard Drive Enclosure for 2.5"/3.5" HDD/SSD, Aluminum 5 Bay RAID External HDD Enclosure Support RAID 0/1/3/5/10/JBOD/PM- Suitable for Home/Office Personal Storage	Yottamaster 5 Bay RAID Ha	/Yottamaster-P500-bay-RAID-TypeC-5/dp/B082TQ5W8G/ref=sr_1_40?dchild=1&keywords=hard+drive&psr=EY17&qid=1606252024&s=black-friday&sr=1-40	159.19	198.99	31	20.00100508
SANNCE 8CH 5MP POE CCTV System with (4) 1080P Outdoor Security IP Camera and 1TB HDD (Audio Recording, Metal Casing, P2P, Motion Alert and Screenshot)	SANNCE 8CH 5MP POE CCTV S	/Megapixels-Security-Professional-Ethernet-Smartphone/dp/B01F4PQQYE/ref=sr_1_129?dchild=1&keywords=hard+drive&psr=EY17&qid=1606252043&s=black-friday&sr=1-129	164.79	205.99	173	20.00097092
SEQURO GuardPro2 HD 1080p Wireless CCTV Camera Systems for Home Security, Easy Setup Outdoor Security Camera, IP66 Weatherproof Portable 10-inch Touchscreen Monitor, DVR, Motion Alert, UK Adaptor	SEQURO GuardPro2 HD 1080p	/GuardPro2-Surveillance-Touchscreen-Weatherproof-Reinforced/dp/B07JMBMVLQ/ref=sr_1_166?dchild=1&keywords=hard+drive&psr=EY17&qid=1606252049&s=black-friday&sr=1-166	167.99	209.99	103	20.00095243
SWINWAY Wireless CCTV Camera Systems Home Security Camera System with 4 Channel 1080P WiFi NVR Recorder, 4Pcs Indoor Outdoor Camera, Remote Access, 1TB Hard Drive	SWINWAY Wireless CCTV Cam	/Swinway-Wireless-Security-Channel-Monitor/dp/B018254WDA/ref=sr_1_52?dchild=1&keywords=hard+drive&psr=EY17&qid=1606252024&s=black-friday&sr=1-52	175.99	219.99	186	20.00090913
TerraMaster F2-221 NAS 2bay Cloud Storage Intel Dual Core 2.0GHz Plex Media Server Network Storage (Diskless)	TerraMaster F2-221 NAS 2b	/TerraMaster-F2-221-Storage-Network-Diskless/dp/B07JNDQFM7/ref=sr_1_124?dchild=1&keywords=hard+drive&psr=EY17&qid=1606252040&s=black-friday&sr=1-124	183.99	229.99	250	20.0008696
TerraMaster F2-221 NAS 2bay Cloud Storage Intel Dual Core 2.0GHz Plex Media Server Network Storage (Diskless)	TerraMaster F2-221 NAS 2b	/gp/slredirect/picassoRedirect.html/ref=pa_sp_atf_next_black-friday_sr_pg4_1?ie=UTF8&adId=A05260631P27RZUOS923C&url=%2FTerraMaster-F2-221-Storage-Network-Diskless%2Fdp%2FB07JNDQFM7%2Fref%3Dsr_1_50_sspa%3Fdchild%3D1%26keywords%3Dhard%2Bdrive%26psr%3DEY17%26qid%3D1606252027%26s%3Dblack-friday%26sr%3D1-50-spons%26psc%3D1&qualifier=1606252030&id=4938069792243971&widgetName=sp_atf_next	183.99	229.99	250	20.0008696
TerraMaster F5-221 NAS 5bay Cloud Storage Intel Dual Core 2.0GHz Plex Media Server Network Storage (Diskless)	TerraMaster F5-221 NAS 5b	/gp/slredirect/picassoRedirect.html/ref=pa_sp_mtf_black-friday_sr_pg2_1?ie=UTF8&adId=A0296483117MOGZAYU38R&url=%2FTerraMaster-F5-221-Storage-Network-Diskless%2Fdp%2FB07JMWT9TQ%2Fref%3Dsr_1_28_sspa%3Fdchild%3D1%26keywords%3Dhard%2Bdrive%26psr%3DEY17%26qid%3D1606252021%26s%3Dblack-friday%26sr%3D1-28-spons%26psc%3D1&qualifier=1606252024&id=6810469943219796&widgetName=sp_mtf	255.99	319.99	250	20.00062502
ZOSI 5MP 8CH CCTV Camera System H.265+ Video DVR with 2TB Hard Drive, 8x 5MP Surveillance Outdoor Security Bullet Cameras Weatherproof IP66 120ft Night Vision Remote Access Motion Detection	ZOSI 5MP 8CH CCTV Camera 	/ZOSI-Surveillance-Security-Weatherproof-Detection/dp/B0875ZBCLF/ref=sr_1_38?dchild=1&keywords=hard+drive&psr=EY17&qid=1606252024&s=black-friday&sr=1-38	279.99	349.99	51	20.00057144
Reolink 4MP 8CH PoE CCTV Kit, 4pcs Wired 1440P Outdoor IP Camera and 2TB HDD NVR Camera Security Camera Systems, Continuous Recording Night Vision Motion Detection Remote Access, RLK8-410B2D2	Reolink 4MP 8CH PoE CCTV 	/Reolink-Security-Outdoor-Detection-RLK8-410B2D2-4MP/dp/B07QQQLVF2/ref=sr_1_73?dchild=1&keywords=hard+drive&psr=EY17&qid=1606252030&s=black-friday&sr=1-73	292.79	365.99	49	20.00054646
Reolink 4K Ultra HD PoE CCTV Outdoor Security Camera System, 6pcs 8MP Four Times 1080P IP Cameras, 8-Channel NVR with 2TB HDD for 24/7 Recording Digitally Zoom 100ft Night Vision, RLK8-800B6	Reolink 4K Ultra HD PoE C	/NEW%E3%80%91Reolink-Security-Outdoor-Digitally-RLK8-800B6/dp/B07WCNSZ4Z/ref=sr_1_140?dchild=1&keywords=hard+drive&psr=EY17&qid=1606252043&s=black-friday&sr=1-140	537.59	671.99	107	20.00029762
Reolink 4K 16CH PoE Security CCTV Camera Systems, 8pcs 8MP PoE IP Security Cameras Outdoor, 16-Channel NVR 8MP with 3TB HDD, 24/7 Video Surveillance Recording for Home Business, RLK16-800B8	Reolink 4K 16CH PoE Secur	/Reolink-16-Channel-Surveillance-Recording-RLK16-800B8-16ch-Poe-Cctv-Camera-System/dp/B082WQYSY3/ref=sr_1_113?dchild=1&keywords=hard+drive&psr=EY17&qid=1606252040&s=black-friday&sr=1-113	711.99	889.99	50	20.00022472
ACEPC Mini PC,Intel Celeron N3350,4GB DDR3 64GB eMMC,Windows 10 Pro Mini Computer Desktop,Support 2.5'' SATA SSD/HDD,Dual WiFi 2.4/5G,Bluetooth 4.2,4K HD	ACEPC Mini PC,Intel Celer	/ACEPC-Celeron-Windows-Computer-Bluetooth/dp/B08HRRY9P5/ref=sr_1_163?dchild=1&keywords=hard+drive&psr=EY17&qid=1606252049&s=black-friday&sr=1-163	111.92	139.9	29	20
HUNDA USB Car Charger, 45W/9A Rapid USB Car Charger 5-Ports Car Cigarette Lighter Multi Socket (12V-24V) with Smart Identification for iPhone 11/Xs/XR/X, iPad Pro/Air/Mini, Kindle Tablet and More	HUNDA USB Car Charger, 45	/HUNDA-Charger-Charging-Identification-Multi-Protection/dp/B014KNTKMG/ref=sr_1_161?dchild=1&keywords=hard+drive&psr=EY17&qid=1606252049&s=black-friday&sr=1-161	11.16	13.95	455	20
August DVB415 - Box Recorder 1080p HD - HDMI and Scart Set Top Box with PVR for Recording Your Favourite Shows	August DVB415 - Box Recor	/August-Freeview-Recorder-1080p-DVB415-Black/dp/B00Q38S9BU/ref=sr_1_97?dchild=1&keywords=hard+drive&psr=EY17&qid=1606252033&s=black-friday&sr=1-97	26.36	32.95	0	20
YESKAMO Long Range Wireless Outdoor Home CCTV Camera System [Floodlight & Audio] 3MP Spotlight WiFi Security IP 4 Cameras Kit, 8CH NVR Recorder with 2TB Hard Drive,Video Surveillance Cameras Set	YESKAMO Long Range Wirele	/YESKAMO-Wireless-Floodlight-Spotlight-Surveillance-8CH-NVR-4-Cams-2TB/dp/B07RRCDQ2S/ref=sr_1_45?dchild=1&keywords=hard+drive&psr=EY17&qid=1606252024&s=black-friday&sr=1-45	267.2	334	285	20
YESKAMO Wireless CCTV Camera System Outdoor [ Floodlight & Monitor & Audio] 1080P Spotlight Home Security IP Cameras WiFi Kit, 16inch IPS Monitor & 2TB Hard Drive, 8CH Video Surveillance Cameras Set	YESKAMO Wireless CCTV Cam	/YESKAMO-Wireless-Floodlight-Spotlight-Surveillance-16-nvr-Monitor-4-Cams-2tb/dp/B07XTGQ475/ref=sr_1_48?dchild=1&keywords=hard+drive&psr=EY17&qid=1606252024&s=black-friday&sr=1-48	343.2	429	120	20
August DVB415 - Box Recorder 1080p HD - HDMI and Scart Set Top Box with PVR for Recording Your Favourite Shows	August DVB415 - Box Recor	/August-Freeview-Recorder-1080p-DVB415-Black/dp/B00Q38S9BU/ref=sr_1_101?dchild=1&keywords=hard+drive&psr=EY17&qid=1606252037&s=black-friday&sr=1-101	26.36	32.95	0	20
Corsair Crystal 570X RGB Mirror Tempered Glass Premium ATX Mid Tower Case - Black	Corsair Crystal 570X RGB 	/Corsair-Crystal-Mirror-Tempered-Premium/dp/B077YDZ29S/ref=sr_1_134?dchild=1&keywords=hard+drive&psr=EY17&qid=1606252043&s=black-friday&sr=1-134	152.99	189.99	263	19.4747092
Samsung 860 EVO 2TB 2.5 Inch SATA III Internal SSD (MZ-76E2T0B/AM)	Samsung 860 EVO 2TB 2.5 I	/Samsung-Inch-Internal-MZ-76E2T0B-AM/dp/B0786QNSBD/ref=sr_1_116?dchild=1&keywords=hard+drive&psr=EY17&qid=1606252040&s=black-friday&sr=1-116	184.35	228.22	0	19.22267987
AmazonBasics USB Type-C to Micro-B 2.0 Cable - 15.2 cm - Black	AmazonBasics USB Type-C t	/gp/slredirect/picassoRedirect.html/ref=pa_sp_atf_next_black-friday_sr_pg5_1?ie=UTF8&adId=A04901783FS551H2L5BHU&url=%2FAmazonBasics-USB-Type-C-Micro-B-Cable%2Fdp%2FB01LONQ7R6%2Fref%3Dsr_1_65_sspa%3Fdchild%3D1%26keywords%3Dhard%2Bdrive%26psr%3DEY17%26qid%3D1606252030%26s%3Dblack-friday%26sr%3D1-65-spons%26psc%3D1&qualifier=1606252033&id=8894685183270966&widgetName=sp_atf_next	5.93	7.09	0	16.36107193
Vantec NexStar Gx USB 3.1 Gen 2 Type-C 2.5â€ SATA SSD/HDD Enclosure for 9.5mm & 7mm Height Drive; Comes with C to C and C to A Cable; Aluminum Casing; (NST-271C31-BK)	Vantec NexStar Gx USB 3.1	/Vantec-NexStar-Enclosure-Aluminum-NST-271C31-BK/dp/B072YLWP4Z/ref=sr_1_133?dchild=1&keywords=hard+drive&psr=EY17&qid=1606252043&s=black-friday&sr=1-133	24.25	28.81	711	15.82783756
Amazon Basics USB 3.0 A to B Cable (3 ft / 0.9m)	Amazon Basics USB 3.0 A t	/gp/slredirect/picassoRedirect.html/ref=pa_sp_mtf_black-friday_sr_pg5_1?ie=UTF8&adId=A09488673NX41TMJW85N2&url=%2FAmazon-Basics-USB-Cable-0-9m-Black%2Fdp%2FB00NH142KI%2Fref%3Dsr_1_76_sspa%3Fdchild%3D1%26keywords%3Dhard%2Bdrive%26psr%3DEY17%26qid%3D1606252030%26s%3Dblack-friday%26sr%3D1-76-spons%26psc%3D1&qualifier=1606252033&id=8894685183270966&widgetName=sp_mtf	5.49	6.49	0	15.40832049
Amazon Basics USB 3.0 A to B Cable (3 ft / 0.9m)	Amazon Basics USB 3.0 A t	/Amazon-Basics-USB-Cable-0-9m-Black/dp/B00NH142KI/ref=sr_1_87?dchild=1&keywords=hard+drive&psr=EY17&qid=1606252033&s=black-friday&sr=1-87	5.49	6.49	0	15.40832049
AmazonBasics USB 2.0 A-Male to Micro B Cable (2 Pack), 6 feet, Black	AmazonBasics USB 2.0 A-Ma	/gp/slredirect/picassoRedirect.html/ref=pa_sp_atf_next_black-friday_sr_pg6_1?ie=UTF8&adId=A07942581LCBX238SB1B6&url=%2FAmazonBasics-Male-Micro-Cable-Black%2Fdp%2FB071S5NPG9%2Fref%3Dsr_1_81_sspa%3Fdchild%3D1%26keywords%3Dhard%2Bdrive%26psr%3DEY17%26qid%3D1606252033%26s%3Dblack-friday%26sr%3D1-81-spons%26psc%3D1&qualifier=1606252037&id=8707428640077521&widgetName=sp_atf_next	5.24	6.19	0	15.34733441
AmazonBasics USB 2.0 A-Male to Micro B Cable (2 Pack), 6 feet, Black	AmazonBasics USB 2.0 A-Ma	/AmazonBasics-Male-Micro-Cable-Black/dp/B071S5NPG9/ref=sr_1_82?dchild=1&keywords=hard+drive&psr=EY17&qid=1606252030&s=black-friday&sr=1-82	5.24	6.19	0	15.34733441
Dell XPS 8000 Gaming Desktop PC (Black) - (Intel Core i7-9700, 8 GB RAM, 512 GB SSD + 1 TB HDD, Nvidia GeForce GTX 1660 Ti 6 GB GDDR6, Windows 10)	Dell XPS 8000 Gaming Desk	/Dell-8000-Gaming-Desktop-Black/dp/B07T14TNBW/ref=sr_1_102?dchild=1&keywords=hard+drive&psr=EY17&qid=1606252037&s=black-friday&sr=1-102	1104.99	1299.99	7	15.00011539
AmazonBasics High Speed USB 3.0 Cable - A-Male to B-Male - 9 Feet (2.7 Meters)	AmazonBasics High Speed U	/gp/slredirect/picassoRedirect.html/ref=pa_sp_atf_next_black-friday_sr_pg4_1?ie=UTF8&adId=A0173119D71S6AEYO5FR&url=%2FAmazonBasics-USB-3-0-Cable-Feet-Black%2Fdp%2FB00I83XF76%2Fref%3Dsr_1_49_sspa%3Fdchild%3D1%26keywords%3Dhard%2Bdrive%26psr%3DEY17%26qid%3D1606252027%26s%3Dblack-friday%26sr%3D1-49-spons%26psc%3D1&qualifier=1606252030&id=4938069792243971&widgetName=sp_atf_next	7.22	8.49	0	14.95877503
AmazonBasics High Speed USB 3.0 Cable - A-Male to B-Male - 9 Feet (2.7 Meters)	AmazonBasics High Speed U	/AmazonBasics-USB-3-0-Cable-Feet-Black/dp/B00I83XF76/ref=sr_1_83?dchild=1&keywords=hard+drive&psr=EY17&qid=1606252030&s=black-friday&sr=1-83	7.22	8.49	0	14.95877503
Vantec NST-272S3-BK Nexstar GX USB 3.0 Dual 2.5" SATA SSD/HDD RAID Enclosure, Black	Vantec NST-272S3-BK Nexst	/Vantec-NST-272S3-BK-Nexstar-Enclosure-Black/dp/B074NM3ZXS/ref=sr_1_138?dchild=1&keywords=hard+drive&psr=EY17&qid=1606252043&s=black-friday&sr=1-138	29.84	34.93	109	14.57200115
AmazonBasics USB 2.0 4-Port Ultra Mini Hub; Bus-powered	AmazonBasics USB 2.0 4-Po	/AmazonBasics-4-Port-Ultra-Mini-Bus-powered/dp/B003M0NURK/ref=sr_1_84?dchild=1&keywords=hard+drive&psr=EY17&qid=1606252033&s=black-friday&sr=1-84	6.22	7.27	0	14.44291609
Corsair Carbide SPEC Series SPEC-01 Aggressive Red LED Mid Tower Gaming Case	Corsair Carbide SPEC Seri	/Corsair-Carbide-SPEC-01-Aggressive-Gaming/dp/B00I6BJATW/ref=sr_1_88?dchild=1&keywords=hard+drive&psr=EY17&qid=1606252033&s=black-friday&sr=1-88	41.99	48.84	0	14.02538903
SanDisk Ultra 128 GB microSDXC Memory Card + SD Adapter with A1 App Performance Up to 100 MB/s, Class 10, U1	SanDisk Ultra 128 GB micr	/SanDisk-microSDXC-Memory-Adapter-Performance/dp/B073JYC4XM/ref=sr_1_67?dchild=1&keywords=hard+drive&psr=EY17&qid=1606252030&s=black-friday&sr=1-67	13.99	15.99	0	12.50781739
ANNKE 8+2CH 5MP H.265+ DVR CCTV Camera Systems, 4x HD 2.0MP Outdoor Bullet Security Camera, Weatherproof, Smart Motion Detection, Remote Access, Mobile Viewing, Email Alerts, NO HDD	ANNKE 8+2CH 5MP H.265+ DV	/ANNKE-Recorder-All-weather-Adaptation-Compression/dp/B013SL9WM4/ref=sr_1_123?dchild=1&keywords=hard+drive&psr=EY17&qid=1606252040&s=black-friday&sr=1-123	98.24	109.99	309	10.68278934
Housse de protection Case Logic VHS101 pour disque dur 2,5" (Noir)	Housse de protection Case	/Caselogic-VHS101-Nylon-Portable-Case/dp/B001S0RUFY/ref=sr_1_63?dchild=1&keywords=hard+drive&psr=EY17&qid=1606252027&s=black-friday&sr=1-63	9.99	11.17	813	10.56401074
SENTRY SAFE 1200 Ultimate Fire Protection Cartridge 1200BLK â€“ UL Classified 1/2hr Protection / ETL Verified 1/2hr Digital Media Protection â€“ Best Fireproof Fire Resistant Storage Box with Key Lock	SENTRY SAFE 1200 Ultimate	/1200-Ultimate-Protection-Cartridge-1200BLK/dp/B008HZUI1G/ref=sr_1_67?dchild=1&keywords=hard+drive&psr=EY17&qid=1606252027&s=black-friday&sr=1-67	54.7	60.15	0	9.060681629
Western Digital WD40EFRX SATA Hard Drive	Western Digital WD40EFRX 	/Western-Digital-WD40EFRX-SATA-Drive/dp/B01A3U0H40/ref=sr_1_12?dchild=1&keywords=hard+drive&psr=EY17&qid=1606252021&s=black-friday&sr=1-12	109.23	120.06	62	9.020489755
G-Technology G-DRIVE 10 TB with USB G1, Black/Blue	G-Technology G-DRIVE 10 T	/G-Technology-G-DRIVE-External-Hard-Drive/dp/B01LW82T5M/ref=sr_1_32?dchild=1&keywords=hard+drive&psr=EY17&qid=1606252021&s=black-friday&sr=1-32	235.99	257.92	175	8.502636476
Icy Dock 4 Bay 2.5 Sas Sata Mobile Rack	Icy Dock 4 Bay 2.5 Sas Sa	/Icy-Dock-Sata-Mobile-Rack/dp/B00V5JHOXQ/ref=sr_1_56?dchild=1&keywords=hard+drive&psr=EY17&qid=1606252027&s=black-friday&sr=1-56	57.91	62.77	297	7.742552175
G-Technology 2TB G-DRIVE Mobile SSD up to 560 MB/s, Portable Storage, Drop, Shock and Water Resistant	G-Technology 2TB G-DRIVE 	/G-Technology-G-DRIVE-Ruggedized-Portable-Storage/dp/B0765LJWFZ/ref=sr_1_37?dchild=1&keywords=hard+drive&psr=EY17&qid=1606252024&s=black-friday&sr=1-37	373.99	397.49	956	5.912098418
Epessa Mouse Pouch,Stick-On Laptop Organizer,Portable Storage Pocket for External Hard Drive,Stylus Pens,Wireless Mouse, Cables,Earphones|Compatible with MacBook and Ipad	Epessa Mouse Pouch,Stick-	/gp/slredirect/picassoRedirect.html/ref=pa_sp_atf_next_black-friday_sr_pg2_1?ie=UTF8&adId=A07824563R48TEA9OOIA1&url=%2FEpessa-Organizer-Portable-Earphones-Compatible-Black%2Fdp%2FB08G17FQBJ%2Fref%3Dsr_1_17_sspa%3Fdchild%3D1%26keywords%3Dhard%2Bdrive%26psr%3DEY17%26qid%3D1606252021%26s%3Dblack-friday%26sr%3D1-17-spons%26psc%3D1&qualifier=1606252024&id=6810469943219796&widgetName=sp_atf_next	15.99	15.99	0	0
TiMOVO Hard Travel Organizer Case Bag with Hand Strap for Media Accessories, Mobile Power, Charger Cords, USB Cables, Power Bank Battery, Portable Hard Drive, SD Memory Card, Earphones - Gray	TiMOVO Hard Travel Organi	/gp/slredirect/picassoRedirect.html/ref=pa_sp_mtf_black-friday_sr_pg5_1?ie=UTF8&adId=A1041222Z7RG2IXG3WII&url=%2FTiMOVO-Organizer-Accessories-Portable-Earphones-Gray%2Fdp%2FB0868M3WRQ%2Fref%3Dsr_1_75_sspa%3Fdchild%3D1%26keywords%3Dhard%2Bdrive%26psr%3DEY17%26qid%3D1606252030%26s%3Dblack-friday%26sr%3D1-75-spons%26psc%3D1&qualifier=1606252033&id=8894685183270966&widgetName=sp_mtf	12.99	12.99	0	0
LTGEM Hard Case for Hard Case for SanDisk 250GB / 500GB / 1TB / 2TB Extreme Portable SSD	LTGEM Hard Case for Hard 	/LTGEM-SanDisk-250GB-Extreme-Portable/dp/B087JPC49T/ref=sr_1_54?dchild=1&keywords=hard+drive&psr=EY17&qid=1606252027&s=black-friday&sr=1-54	6.71	6.71	0	0
Jennov 4CH Wireless Wifi CCTV Camera Systems 1080P with 12 Inch Monitor Home Security Surveillance IP Camera Kit Outdoor Waterproof Motion Detection Email Alert Pre-installed 1TB Hard Drive	Jennov 4CH Wireless Wifi 	/Jennov-Surveillance-Waterproof-Detection-Pre-installed-Black-Wifi-Kit-Monitor/dp/B07TKZPD1D/ref=sr_1_55?dchild=1&keywords=hard+drive&psr=EY17&qid=1606252027&s=black-friday&sr=1-55	231.9	231.9	281	0
ASENNO SSD 1TB 960GB 2.5 Inch SSD SATAIII 6GB/s Up To 560MB/s With 1024M cache Internal Solid State Drive for Notebook Tablet Desktop PC	ASENNO SSD 1TB 960GB 2.5 	/gp/slredirect/picassoRedirect.html/ref=pa_sp_mtf_black-friday_sr_pg4_1?ie=UTF8&adId=A03993082X3EGPOSEMFQ&url=%2FASENNO-SATAIII-Internal-Notebook-Desktop%2Fdp%2FB07VGFBX5H%2Fref%3Dsr_1_59_sspa%3Fdchild%3D1%26keywords%3Dhard%2Bdrive%26psr%3DEY17%26qid%3D1606252027%26s%3Dblack-friday%26sr%3D1-59-spons%26psc%3D1&qualifier=1606252030&id=4938069792243971&widgetName=sp_mtf	79.99	79.99	0	0
SilverStone SST-FS304B - 4 Bay Aluminium Trayless Hot Swap Mobile Rack Backplane with Fan and Lock for SAS/SATA HDD, black	SilverStone SST-FS304B - 	/SilverStone-SST-FS304B-Aluminium-Trayless-Backplane/dp/B019LS5U7Y/ref=sr_1_68?dchild=1&keywords=hard+drive&psr=EY17&qid=1606252030&s=black-friday&sr=1-68	92.29	92.29	20	0
Jumper EZbox i3 Mini PC Desktop 8GB Ram 128GB Intel i3 CPU Windows 10 Computer 1000Mbps LAN Dual WiFi,Dual HD,USB 3.0, Gigabit Ethernet, Intel HD graphics.	Jumper EZbox i3 Mini PC D	/jumper-Desktop-Windows-Computer-1000Mbps/dp/B083K798F5/ref=sr_1_131?dchild=1&keywords=hard+drive&psr=EY17&qid=1606252043&s=black-friday&sr=1-131	203.99	203.99	25	0
Unitek Aluminum USB 3.0 to SATA Dual Bay External Hard Drive Docking Station with UASP for 2.5/3.5-inch HDD SSD, Hard Drive Duplicator/Offline Clone Function (2 x 16TB Support)-Silver	Unitek Aluminum USB 3.0 t	/gp/slredirect/picassoRedirect.html/ref=pa_sp_atf_next_black-friday_sr_pg2_1?ie=UTF8&adId=A06289351X7GXU9WL85DU&url=%2FUNITEK-Aluminum-External-3-5-inch-Duplicator%2Fdp%2FB0151BDW9S%2Fref%3Dsr_1_18_sspa%3Fdchild%3D1%26keywords%3Dhard%2Bdrive%26psr%3DEY17%26qid%3D1606252021%26s%3Dblack-friday%26sr%3D1-18-spons%26psc%3D1&qualifier=1606252024&id=6810469943219796&widgetName=sp_atf_next	34.99	34.99	348	0
Bewinner HDD Hard Drive Slot Cover, Hard Disk Slot Cover for PS4, HDD Hard Disk Drive Slot Door Cover for PS4 Pro	Bewinner HDD Hard Drive S	/gp/slredirect/picassoRedirect.html/ref=pa_sp_btf_black-friday_sr_pg4_1?ie=UTF8&adId=A0104563JB7BVO1A6RNA&url=%2FBewinner-Hard-Drive-Slot-Cover-default%2Fdp%2FB07PNJ2HFP%2Fref%3Dsr_1_70_sspa%3Fdchild%3D1%26keywords%3Dhard%2Bdrive%26psr%3DEY17%26qid%3D1606252027%26s%3Dblack-friday%26sr%3D1-70-spons%26psc%3D1&qualifier=1606252030&id=4938069792243971&widgetName=sp_btf	6.39	6.39	4	0
TOPESEL 10 X 4GB USB 2.0 Memory Stick USB Flash Drive Cap Design USB Pen Drive with Led Indicator, Mix Colors: Black Blue Green Red Silver)	TOPESEL 10 X 4GB USB 2.0 	/gp/slredirect/picassoRedirect.html/ref=pa_sp_btf_black-friday_sr_pg4_1?ie=UTF8&adId=A08597153OFMCSBSIESWA&url=%2FTOPESEL-Memory-Design-Indicator-Colors%2Fdp%2FB07S9TXRFG%2Fref%3Dsr_1_69_sspa%3Fdchild%3D1%26keywords%3Dhard%2Bdrive%26psr%3DEY17%26qid%3D1606252027%26s%3Dblack-friday%26sr%3D1-69-spons%26psc%3D1&qualifier=1606252030&id=4938069792243971&widgetName=sp_btf	30.99	30.99	152	0
COAYU C560 Robot Vacuum Cleaner with Camera, Alexa App Control,Vacuum and Mop Hybird 2 in 1,Anti-Fall for Hard floors to Low-Pile Carpets(Red)	COAYU C560 Robot Vacuum C	/COAYU-C560-Cleaner-Anti-Fall-Low-Pile/dp/B07RZZHRRZ/ref=sr_1_165?dchild=1&keywords=hard+drive&psr=EY17&qid=1606252049&s=black-friday&sr=1-165	199.99	199.99	139	0
[2020 New]Jennov 1080P Wireless Security Camera System Outdoor Indoor with One-Way Audio Wifi Bullet IP Camera IP66 Waterproof Home CCTV Surveillance Night Vision (1TB HDD)	[2020 New]Jennov 1080P Wi	/Jennov-Wireless-Security-Waterproof-Surveillance/dp/B08CRDBGVN/ref=sr_1_68?dchild=1&keywords=hard+drive&psr=EY17&qid=1606252027&s=black-friday&sr=1-68	159.27	159.27	3	0
ARCANITE 1TB USB 3.1 Flash Drive, USB Memory Stick, optimal read speeds up to 400 MB/s	ARCANITE 1TB USB 3.1 Flas	/gp/slredirect/picassoRedirect.html/ref=pa_sp_mtf_black-friday_sr_pg4_1?ie=UTF8&adId=A02098211L8GMT21DINDX&url=%2FARCANITE-1TB-USB-Flash-Drive%2Fdp%2FB07RW85C2N%2Fref%3Dsr_1_60_sspa%3Fdchild%3D1%26keywords%3Dhard%2Bdrive%26psr%3DEY17%26qid%3D1606252027%26s%3Dblack-friday%26sr%3D1-60-spons%26psc%3D1&qualifier=1606252030&id=4938069792243971&widgetName=sp_mtf	199.99	199.99	0	0
Jennov 2MP Wireless CCTV Camera 1080P Security IP Camera Outdoor For Home Wifi Surveillance Two-Way Audio,HD Night Vision Pre-installed in 32G SD Card	Jennov 2MP Wireless CCTV 	/Jennov-Wireless-Security-Surveillance-Pre-installed/dp/B08CXGHW7J/ref=sr_1_169?dchild=1&keywords=hard+drive&psr=EY17&qid=1606252049&s=black-friday&sr=1-169	26.19	26.19	1	0
5A Ultra FAST / Quick Premium Quality Charging USB C Type C to Type C Braided USB 3.1 Data Sync 5GB Data Transfer 4K @ 60Hz Thunderbolt 3, 60W 20V/3A Power Delivery USB-IF certified, Rose Gold 1m	5A Ultra FAST / Quick Pre	/Charging-Transfer-Thunderbolt-Delivery-certified/dp/B084FG548C/ref=sr_1_170?dchild=1&keywords=hard+drive&psr=EY17&qid=1606252049&s=black-friday&sr=1-170	5.13	5.13	0	0
Lazmin SATA Network Adaptor, Interface Network Adaptor HDD Hard Disk Adapter for Sony PS2 game Compatible Network Card	Lazmin SATA Network Adapt	/gp/slredirect/picassoRedirect.html/ref=pa_sp_atf_next_black-friday_sr_pg5_1?ie=UTF8&adId=A05214802AVHU2VFS7FKA&url=%2FLazmin-Network-Adaptor-Interface-Compatible-default%2Fdp%2FB07R4YNJGW%2Fref%3Dsr_1_66_sspa%3Fdchild%3D1%26keywords%3Dhard%2Bdrive%26psr%3DEY17%26qid%3D1606252030%26s%3Dblack-friday%26sr%3D1-66-spons%26psc%3D1&qualifier=1606252033&id=8894685183270966&widgetName=sp_atf_next	17.99	17.99	14	0
LJY 50 Pieces Antistatic Resealable Large Size Bags for Motherboard HDD and Electronic Device, 21cm x 24cm	LJY 50 Pieces Antistatic 	/gp/slredirect/picassoRedirect.html/ref=pa_sp_btf_black-friday_sr_pg5_1?ie=UTF8&adId=A02477681PM40897O1MYS&url=%2FLJY-Antistatic-Resealable-Motherboard-Electronic%2Fdp%2FB06XP8CY9S%2Fref%3Dsr_1_85_sspa%3Fdchild%3D1%26keywords%3Dhard%2Bdrive%26psr%3DEY17%26qid%3D1606252030%26s%3Dblack-friday%26sr%3D1-85-spons%26psc%3D1&qualifier=1606252033&id=8894685183270966&widgetName=sp_btf	11.99	11.99	72	0
Targus Strike Large Gaming Travel Backpack with Security Pockets and Protection Sleeves for 17.3-Inch Laptops, Black/Red (TSB900US)	Targus Strike Large Gamin	/Targus-Strike-17-3-Inch-Backpack-TSB900EU/dp/B01KIUEBWY/ref=sr_1_84?dchild=1&keywords=hard+drive&psr=EY17&qid=1606252030&s=black-friday&sr=1-84	71.67	71.67	221	0
OtterBox Defender Series case for Samsung Galaxy Note 8 - Black	OtterBox Defender Series 	/OtterBox-Defender-case-Samsung-Galaxy/dp/B00Z7RKU3S/ref=sr_1_110?dchild=1&keywords=hard+drive&psr=EY17&qid=1606252037&s=black-friday&sr=1-110	18.8	18.8	0	0
Seagate STEB8000402 Expansion External	Seagate STEB8000402 Expan	/Seagate-Retail-8TB-Expansion-Desktop/dp/B07ML82XRJ/ref=sr_1_33?dchild=1&keywords=hard+drive&psr=EY17&qid=1606252021&s=black-friday&sr=1-33	137.99	137.99	324	0
AmazonBasicsVertical Stand & USB 3.0 Hub for Xbox One X,Black	AmazonBasicsVertical Stan	/AmazonBasicsVertical-Stand-USB-Xbox-Black/dp/B073ZF736S/ref=sr_1_121?dchild=1&keywords=hard+drive&psr=EY17&qid=1606252040&s=black-friday&sr=1-121	21.45	21.45	2018	0
LONNKY Weatherproof Microphone Audio Pickup Device, Sound Voice Pickup Kit for CCTV Security Camera Surveillance,with 60 ft (18.3m) Cable and 12V 2A Power Supply	LONNKY Weatherproof Micro	/LONNKY-Intelligent-supporting-Intelligence-Detection/dp/B07CB7S9Y1/ref=sr_1_118?dchild=1&keywords=hard+drive&psr=EY17&qid=1606252040&s=black-friday&sr=1-118	19.99	19.99	3	0
TERRAMASTER D2-310 USB Type C External Hard Drive RAID Enclosure USB3.1 (Gen1, 5Gbps) 2-Bay RAID Storage Support RAID 0/1/Single (Diskless)	TERRAMASTER D2-310 USB Ty	/gp/slredirect/picassoRedirect.html/ref=pa_sp_mtf_black-friday_sr_pg2_1?ie=UTF8&adId=A10277242GL9UGDSYAPFH&url=%2FTerraMaster-D2-310-External-Enclosure-Diskless%2Fdp%2FB01CS4TNQC%2Fref%3Dsr_1_27_sspa%3Fdchild%3D1%26keywords%3Dhard%2Bdrive%26psr%3DEY17%26qid%3D1606252021%26s%3Dblack-friday%26sr%3D1-27-spons%26psc%3D1&qualifier=1606252024&id=6810469943219796&widgetName=sp_mtf	139.99	139.99	295	0
WAVLINK USB 3.0 to SATA I/II/III Dual-Bay External Hard Drive Docking Station for 2.5/3.5 Inch HDD/SSD with UASP (6Gbps) / Offline Clone Duplicator Function (2 x 10TB), Tool-free Supported	WAVLINK USB 3.0 to SATA I	/gp/slredirect/picassoRedirect.html/ref=pa_sp_btf_black-friday_sr_pg2_1?ie=UTF8&adId=A0145754Q4IKD2LTZWYL&url=%2FDual-Bay-External-Duplicator-Tool-free-Supported%2Fdp%2FB076H5P6Z1%2Fref%3Dsr_1_38_sspa%3Fdchild%3D1%26keywords%3Dhard%2Bdrive%26psr%3DEY17%26qid%3D1606252021%26s%3Dblack-friday%26sr%3D1-38-spons%26psc%3D1&qualifier=1606252024&id=6810469943219796&widgetName=sp_btf	29.99	29.99	106	0
AEGO 120GB SSD 2.5 inch Internal Solid State Drive for PCs -SSD 120GB	AEGO 120GB SSD 2.5 inch I	/gp/slredirect/picassoRedirect.html/ref=pa_sp_atf_next_black-friday_sr_pg3_1?ie=UTF8&adId=A0558144GMYC427GH1SR&url=%2FAEGO-120GB-Internal-Solid-State%2Fdp%2FB081HXR9NH%2Fref%3Dsr_1_33_sspa%3Fdchild%3D1%26keywords%3Dhard%2Bdrive%26psr%3DEY17%26qid%3D1606252024%26s%3Dblack-friday%26sr%3D1-33-spons%26psc%3D1&qualifier=1606252027&id=5948519641446544&widgetName=sp_atf_next	19.99	19.99	3	0
4 Bay RAID Hard Drive Enclosure, Yottamaster Gaming-grade RGB 4 Bay RAID Enclosure Support RAID 0/1/3/5/10/JBOD(SPAN)/PM, Aluminum 4 Bay HDD Enclosure for 3.5"/2.5" HDD/SSDs	4 Bay RAID Hard Drive Enc	/gp/slredirect/picassoRedirect.html/ref=pa_sp_atf_next_black-friday_sr_pg3_1?ie=UTF8&adId=A01326394TWD1URJSF2P&url=%2FEnclosure-Yottamaster-Gaming-grade-Support-Aluminum-4-Bay-RAID%2Fdp%2FB08G4HT62V%2Fref%3Dsr_1_34_sspa%3Fdchild%3D1%26keywords%3Dhard%2Bdrive%26psr%3DEY17%26qid%3D1606252024%26s%3Dblack-friday%26sr%3D1-34-spons%26psc%3D1&qualifier=1606252027&id=5948519641446544&widgetName=sp_atf_next	258.99	258.99	0	0
Seagate Ultra Touch SSD, 1 TB, Portable External SSD, 2.5", USB 3.0, PC & Mac, Black, 4 mo Adobe Creative Cloud Photography Plan and Three-yr Rescue Services (STJW1000401)	Seagate Ultra Touch SSD, 	/ULTRA-TOUCH-SSD-1TB-BLACK/dp/B0886YVSRK/ref=sr_1_105?dchild=1&keywords=hard+drive&psr=EY17&qid=1606252037&s=black-friday&sr=1-105	139.88	139.88	9	0
Vbestlife SATA Interface Network Adaptor HDD Hard Disk Adapter for Sony PS2 Playstation 2 No IDE	Vbestlife SATA Interface 	/gp/slredirect/picassoRedirect.html/ref=pa_sp_btf_black-friday_sr_pg5_1?ie=UTF8&adId=A06871021XEXPJ5RJ8AEK&url=%2FVBESTLIFE-Interface-Network-Adaptor-Playstation-Multi-coloured%2Fdp%2FB0778HN4KQ%2Fref%3Dsr_1_86_sspa%3Fdchild%3D1%26keywords%3Dhard%2Bdrive%26psr%3DEY17%26qid%3D1606252030%26s%3Dblack-friday%26sr%3D1-86-spons%26psc%3D1&qualifier=1606252033&id=8894685183270966&widgetName=sp_btf	17.99	17.99	293	0
ICY BOX External USB C Case for 2.5" HDD / SSD Waterproof USB 3.1 (Gen 2 10Gbps) Built-in Cable Silver/Black	ICY BOX External USB C Ca	/Icy-C31-External-Housing-Black-Silver/dp/B07DCM15PL/ref=sr_1_39?dchild=1&keywords=hard+drive&psr=EY17&qid=1606252024&s=black-friday&sr=1-39	24.46	24.46	200	0
G-Technology G-DRIVE Mobile 4 TB with USB-C, Space Grey	G-Technology G-DRIVE Mobi	/G-Technology-G-Drive-Mobile-Portable-External/dp/B07G4CZCYM/ref=sr_1_42?dchild=1&keywords=hard+drive&psr=EY17&qid=1606252024&s=black-friday&sr=1-42	118.79	118.79	761	0
Cyleibe 25pcs Computer Case Thumb Screws, Fastener Thumb Screws for PC Computer Case Cover/Power Supply/PCI Slots/Hard Drives - Black	Cyleibe 25pcs Computer Ca	/gp/slredirect/picassoRedirect.html/ref=pa_sp_mtf_black-friday_sr_pg3_1?ie=UTF8&adId=A01678071QXARWBW4Q3WJ&url=%2FCyleibe-Computer-Screws-Fastener-Supply%2Fdp%2FB08L8QN1GN%2Fref%3Dsr_1_43_sspa%3Fdchild%3D1%26keywords%3Dhard%2Bdrive%26psr%3DEY17%26qid%3D1606252024%26s%3Dblack-friday%26sr%3D1-43-spons%26psc%3D1&qualifier=1606252027&id=5948519641446544&widgetName=sp_mtf	5.99	5.99	0	0
Data Transfer Cable, ICZI USB Easy Transfer Cable (5ft/1.5m), Smart KM (Keyboard & Mouse) Link for Windows 10, 8.1, 8, 7, Vista, XP, Mac OS (usb 2.0)	Data Transfer Cable, ICZI	/Transfer-Cable-ICZI-Keyboard-Windows/dp/B01IVI3KE0/ref=sr_1_146?dchild=1&keywords=hard+drive&psr=EY17&qid=1606252046&s=black-friday&sr=1-146	10.53	10.53	28	0
TerraMaster F2-422 10GbE NAS 2-Bay Network Storage Server Intel Quad-core CPU with Hardware Encryption (Diskless)	TerraMaster F2-422 10GbE 	/gp/slredirect/picassoRedirect.html/ref=pa_sp_mtf_black-friday_sr_pg3_1?ie=UTF8&adId=A063002912IG2HNPFGAQA&url=%2FTerraMaster-Quad-core-Hardware-Encryption-Diskless%2Fdp%2FB089K79LX7%2Fref%3Dsr_1_44_sspa%3Fdchild%3D1%26keywords%3Dhard%2Bdrive%26psr%3DEY17%26qid%3D1606252024%26s%3Dblack-friday%26sr%3D1-44-spons%26psc%3D1&qualifier=1606252027&id=5948519641446544&widgetName=sp_mtf	319.99	319.99	20	0
UGREEN Hard Drive Cable USB 3.0 A to Micro USB B Lead Portable Compatible with External Hard Drives Western Digital My Passport,WD Elements,Seagate Expansion, Toshiba, Samsung M3 1TB/S5, LaCie (0.5M)	UGREEN Hard Drive Cable U	/gp/slredirect/picassoRedirect.html/ref=pa_sp_btf_black-friday_sr_pg3_1?ie=UTF8&adId=A0155980OAUFTQA4JZG7&url=%2FUGREEN-Portable-External-Passport-Expansion-black%2Fdp%2FB00P0C4M3Y%2Fref%3Dsr_1_53_sspa%3Fdchild%3D1%26keywords%3Dhard%2Bdrive%26psr%3DEY17%26qid%3D1606252024%26s%3Dblack-friday%26sr%3D1-53-spons%26psc%3D1&qualifier=1606252027&id=5948519641446544&widgetName=sp_btf	7.99	7.99	0	0
Vbestlife 120GB 250GB HDD Hard Drive Disk Kit for XBOX 360 Internal Slim Black (250GB)	Vbestlife 120GB 250GB HDD	/gp/slredirect/picassoRedirect.html/ref=pa_sp_btf_black-friday_sr_pg3_1?ie=UTF8&adId=A06023193AJMQG3V27YV1&url=%2FVBESTLIFE-120GB-250GB-Drive-Internal%2Fdp%2FB07CMZRC2G%2Fref%3Dsr_1_54_sspa%3Fdchild%3D1%26keywords%3Dhard%2Bdrive%26psr%3DEY17%26qid%3D1606252024%26s%3Dblack-friday%26sr%3D1-54-spons%26psc%3D1&qualifier=1606252027&id=5948519641446544&widgetName=sp_btf	42.99	42.99	0	0
Baolongking USB C to B Cable, USB C Printer Cable, Type C Male to USB B Male Lead, (Thunderbolt 3 Compatible) for New MacBook,Dell,HP, Canon, Microsoft Surface Pro,etc (8m)	Baolongking USB C to B Ca	/Baolongking-Printer-Thunderbolt-Compatible-Microsoft-8m/dp/B081R6XMYJ/ref=sr_1_171?dchild=1&keywords=hard+drive&psr=EY17&qid=1606252049&s=black-friday&sr=1-171	7.99	7.99	0	0
